"Código","id_regiao","id_funcao","id_classificacao","id_nivel","id_carga_horaria","piso_salarial","preco_unitario"
"1","QQP SUDESTE","Médico","Especialista","I","44","R$ 24.473,85","R$ 49.429,50"
"2","QQP SUDESTE","Médico","Especialista","II","44","R$ 24.484,46","R$ 49.450,29"
"3","QQP SUDESTE","Médico","Especialista","III","44","R$ 27.204,56","R$ 54.781,96"
"4","QQP SUDESTE","Médico","Master","I","44","R$ 19.583,32","R$ 39.843,59"
"5","QQP SUDESTE","Médico","Master","II","44","R$ 21.766,13","R$ 44.122,08"
"6","QQP SUDESTE","Médico","Master","III","44","R$ 22.025,94","R$ 44.631,35"
"7","QQP SUDESTE","Médico","Senior","I","44","R$ 16.525,64","R$ 33.850,22"
"8","QQP SUDESTE","Médico","Senior","II","44","R$ 18.128,71","R$ 36.992,41"
"9","QQP SUDESTE","Médico","Senior","III","44","R$ 20.141,84","R$ 40.938,33"
"10","QQP SUDESTE","Médico","Pleno","I","44","R$ 13.586,37","R$ 28.082,84"
"11","QQP SUDESTE","Médico","Pleno","II","44","R$ 14.107,77","R$ 29.110,96"
"12","QQP SUDESTE","Médico","Pleno","III","44","R$ 15.551,77","R$ 31.966,24"
"13","QQP SUDESTE","Médico","Junior","I","44","R$ 10.024,97","R$ 21.108,26"
"14","QQP SUDESTE","Médico","Junior","II","44","R$ 11.083,66","R$ 23.183,42"
"15","QQP SUDESTE","Médico","Junior","III","44","R$ 12.319,12","R$ 25.605,02"
"16","QQP SUDESTE","Médico","Especialista","I","42","R$ 23.361,40","R$ 47.248,99"
"17","QQP SUDESTE","Médico","Especialista","II","42","R$ 23.371,53","R$ 47.268,84"
"18","QQP SUDESTE","Médico","Especialista","III","42","R$ 25.967,99","R$ 52.358,16"
"19","QQP SUDESTE","Médico","Master","I","42","R$ 18.693,18","R$ 38.098,80"
"20","QQP SUDESTE","Médico","Master","II","42","R$ 20.776,75","R$ 42.182,82"
"21","QQP SUDESTE","Médico","Master","III","42","R$ 21.024,76","R$ 42.668,94"
"22","QQP SUDESTE","Médico","Senior","I","42","R$ 15.774,48","R$ 32.377,87"
"23","QQP SUDESTE","Médico","Senior","II","42","R$ 17.304,68","R$ 35.377,22"
"24","QQP SUDESTE","Médico","Senior","III","42","R$ 19.226,30","R$ 39.143,78"
"25","QQP SUDESTE","Médico","Pleno","I","42","R$ 12.968,81","R$ 26.872,36"
"26","QQP SUDESTE","Médico","Pleno","II","42","R$ 13.466,51","R$ 27.854,03"
"27","QQP SUDESTE","Médico","Pleno","III","42","R$ 14.844,88","R$ 30.555,76"
"28","QQP SUDESTE","Médico","Junior","I","42","R$ 9.569,29","R$ 20.215,09"
"29","QQP SUDESTE","Médico","Junior","II","42","R$ 10.579,86","R$ 22.195,92"
"30","QQP SUDESTE","Médico","Junior","III","42","R$ 11.759,15","R$ 24.507,44"
"31","QQP SUDESTE","Médico","Especialista","I","40","R$ 22.248,95","R$ 45.068,49"
"32","QQP SUDESTE","Médico","Especialista","II","40","R$ 22.258,60","R$ 45.081,25"
"33","QQP SUDESTE","Médico","Especialista","III","40","R$ 24.731,41","R$ 49.934,36"
"34","QQP SUDESTE","Médico","Master","I","40","R$ 17.803,02","R$ 36.354,02"
"35","QQP SUDESTE","Médico","Master","II","40","R$ 19.787,38","R$ 40.243,56"
"36","QQP SUDESTE","Médico","Master","III","40","R$ 20.023,58","R$ 40.706,53"
"37","QQP SUDESTE","Médico","Senior","I","40","R$ 15.023,31","R$ 30.905,51"
"38","QQP SUDESTE","Médico","Senior","II","40","R$ 16.480,65","R$ 33.762,04"
"39","QQP SUDESTE","Médico","Senior","III","40","R$ 18.310,76","R$ 37.349,24"
"40","QQP SUDESTE","Médico","Pleno","I","40","R$ 12.351,25","R$ 25.661,87"
"41","QQP SUDESTE","Médico","Pleno","II","40","R$ 12.825,25","R$ 26.597,09"
"42","QQP SUDESTE","Médico","Pleno","III","40","R$ 14.137,98","R$ 29.170,17"
"43","QQP SUDESTE","Médico","Junior","I","40","R$ 9.113,60","R$ 19.321,91"
"44","QQP SUDESTE","Médico","Junior","II","40","R$ 10.076,06","R$ 21.208,41"
"45","QQP SUDESTE","Médico","Junior","III","40","R$ 11.199,19","R$ 23.409,87"
"46","QQP SUDESTE","Fonoaudiólogo","Especialista","I","30","R$ 5.444,54","R$ 12.130,18"
"47","QQP SUDESTE","Fonoaudiólogo","Especialista","II","30","R$ 5.936,21","R$ 13.093,92"
"48","QQP SUDESTE","Fonoaudiólogo","Especialista","III","30","R$ 6.595,39","R$ 14.385,96"
"49","QQP SUDESTE","Fonoaudiólogo","Master","I","30","R$ 4.586,33","R$ 10.447,99"
"50","QQP SUDESTE","Fonoaudiólogo","Master","II","30","R$ 4.903,46","R$ 11.069,62"
"51","QQP SUDESTE","Fonoaudiólogo","Master","III","30","R$ 5.277,04","R$ 11.801,86"
"52","QQP SUDESTE","Fonoaudiólogo","Senior","I","30","R$ 3.536,90","R$ 8.391,03"
"53","QQP SUDESTE","Fonoaudiólogo","Senior","II","30","R$ 3.976,76","R$ 9.253,18"
"54","QQP SUDESTE","Fonoaudiólogo","Senior","III","30","R$ 4.420,23","R$ 10.122,43"
"55","QQP SUDESTE","Fonoaudiólogo","Pleno","I","30","R$ 2.818,68","R$ 6.983,23"
"56","QQP SUDESTE","Fonoaudiólogo","Pleno","II","30","R$ 3.166,94","R$ 7.665,87"
"57","QQP SUDESTE","Fonoaudiólogo","Pleno","III","30","R$ 3.521,24","R$ 8.360,32"
"58","QQP SUDESTE","Fonoaudiólogo","Junior","I","30","R$ 2.110,09","R$ 5.594,33"
"59","QQP SUDESTE","Fonoaudiólogo","Junior","II","30","R$ 2.390,87","R$ 6.144,69"
"60","QQP SUDESTE","Fonoaudiólogo","Junior","III","30","R$ 2.633,10","R$ 6.619,47"
"61","QQP SUDESTE","Fonoaudiólogo","Especialista","I","44","R$ 7.985,33","R$ 17.110,38"
"62","QQP SUDESTE","Fonoaudiólogo","Especialista","II","44","R$ 8.706,45","R$ 18.523,84"
"63","QQP SUDESTE","Fonoaudiólogo","Especialista","III","44","R$ 9.673,24","R$ 20.418,85"
"64","QQP SUDESTE","Fonoaudiólogo","Master","I","44","R$ 6.726,61","R$ 14.643,16"
"65","QQP SUDESTE","Fonoaudiólogo","Master","II","44","R$ 7.191,75","R$ 15.554,88"
"66","QQP SUDESTE","Fonoaudiólogo","Master","III","44","R$ 7.739,66","R$ 16.628,83"
"67","QQP SUDESTE","Fonoaudiólogo","Senior","I","44","R$ 5.187,46","R$ 11.626,28"
"68","QQP SUDESTE","Fonoaudiólogo","Senior","II","44","R$ 5.832,58","R$ 12.890,77"
"69","QQP SUDESTE","Fonoaudiólogo","Senior","III","44","R$ 6.483,00","R$ 14.165,66"
"70","QQP SUDESTE","Fonoaudiólogo","Pleno","I","44","R$ 4.134,06","R$ 9.561,51"
"71","QQP SUDESTE","Fonoaudiólogo","Pleno","II","44","R$ 4.644,85","R$ 10.562,71"
"72","QQP SUDESTE","Fonoaudiólogo","Pleno","III","44","R$ 5.164,48","R$ 11.581,24"
"73","QQP SUDESTE","Fonoaudiólogo","Junior","I","44","R$ 3.094,80","R$ 7.524,46"
"74","QQP SUDESTE","Fonoaudiólogo","Junior","II","44","R$ 3.506,61","R$ 8.331,66"
"75","QQP SUDESTE","Fonoaudiólogo","Junior","III","44","R$ 3.861,88","R$ 9.028,00"
"76","QQP SUDESTE","Fonoaudiólogo","Especialista","I","42","R$ 7.622,36","R$ 16.398,92"
"77","QQP SUDESTE","Fonoaudiólogo","Especialista","II","42","R$ 8.310,70","R$ 17.748,14"
"78","QQP SUDESTE","Fonoaudiólogo","Especialista","III","42","R$ 9.233,55","R$ 19.557,01"
"79","QQP SUDESTE","Fonoaudiólogo","Master","I","42","R$ 6.420,85","R$ 14.043,85"
"80","QQP SUDESTE","Fonoaudiólogo","Master","II","42","R$ 6.864,85","R$ 14.914,13"
"81","QQP SUDESTE","Fonoaudiólogo","Master","III","42","R$ 7.387,86","R$ 15.939,27"
"82","QQP SUDESTE","Fonoaudiólogo","Senior","I","42","R$ 4.951,66","R$ 11.164,10"
"83","QQP SUDESTE","Fonoaudiólogo","Senior","II","42","R$ 5.567,46","R$ 12.371,12"
"84","QQP SUDESTE","Fonoaudiólogo","Senior","III","42","R$ 6.188,32","R$ 13.588,06"
"85","QQP SUDESTE","Fonoaudiólogo","Pleno","I","42","R$ 3.946,15","R$ 9.193,19"
"86","QQP SUDESTE","Fonoaudiólogo","Pleno","II","42","R$ 4.433,72","R$ 10.148,88"
"87","QQP SUDESTE","Fonoaudiólogo","Pleno","III","42","R$ 4.929,73","R$ 11.121,11"
"88","QQP SUDESTE","Fonoaudiólogo","Junior","I","42","R$ 2.954,13","R$ 7.248,73"
"89","QQP SUDESTE","Fonoaudiólogo","Junior","II","42","R$ 3.347,23","R$ 8.019,24"
"90","QQP SUDESTE","Fonoaudiólogo","Junior","III","42","R$ 3.686,33","R$ 8.683,93"
"91","QQP SUDESTE","Fonoaudiólogo","Especialista","I","40","R$ 7.259,39","R$ 15.687,47"
"92","QQP SUDESTE","Fonoaudiólogo","Especialista","II","40","R$ 7.914,95","R$ 16.972,43"
"93","QQP SUDESTE","Fonoaudiólogo","Especialista","III","40","R$ 8.793,86","R$ 18.695,17"
"94","QQP SUDESTE","Fonoaudiólogo","Master","I","40","R$ 6.115,10","R$ 13.438,41"
"95","QQP SUDESTE","Fonoaudiólogo","Master","II","40","R$ 6.537,95","R$ 14.273,38"
"96","QQP SUDESTE","Fonoaudiólogo","Master","III","40","R$ 7.036,05","R$ 15.249,69"
"97","QQP SUDESTE","Fonoaudiólogo","Senior","I","40","R$ 4.715,87","R$ 10.701,92"
"98","QQP SUDESTE","Fonoaudiólogo","Senior","II","40","R$ 5.302,34","R$ 11.851,46"
"99","QQP SUDESTE","Fonoaudiólogo","Senior","III","40","R$ 5.893,63","R$ 13.010,45"
"100","QQP SUDESTE","Fonoaudiólogo","Pleno","I","40","R$ 3.758,24","R$ 8.824,86"
"101","QQP SUDESTE","Fonoaudiólogo","Pleno","II","40","R$ 4.222,60","R$ 9.735,05"
"102","QQP SUDESTE","Fonoaudiólogo","Pleno","III","40","R$ 4.694,99","R$ 10.660,98"
"103","QQP SUDESTE","Fonoaudiólogo","Junior","I","40","R$ 2.813,46","R$ 6.973,00"
"104","QQP SUDESTE","Fonoaudiólogo","Junior","II","40","R$ 3.187,84","R$ 7.706,81"
"105","QQP SUDESTE","Fonoaudiólogo","Junior","III","40","R$ 3.510,80","R$ 8.339,85"
"106","QQP SUDESTE","Fisioterapeuta","Especialista","I","30","R$ 6.835,20","R$ 14.856,02"
"107","QQP SUDESTE","Fisioterapeuta","Especialista","II","30","R$ 7.557,05","R$ 16.270,90"
"108","QQP SUDESTE","Fisioterapeuta","Especialista","III","30","R$ 8.399,39","R$ 17.921,99"
"109","QQP SUDESTE","Fisioterapeuta","Master","I","30","R$ 5.277,04","R$ 11.801,86"
"110","QQP SUDESTE","Fisioterapeuta","Master","II","30","R$ 5.936,21","R$ 13.093,92"
"111","QQP SUDESTE","Fisioterapeuta","Master","III","30","R$ 6.595,39","R$ 14.385,96"
"112","QQP SUDESTE","Fisioterapeuta","Senior","I","30","R$ 4.356,36","R$ 9.997,23"
"113","QQP SUDESTE","Fisioterapeuta","Senior","II","30","R$ 4.903,46","R$ 11.069,62"
"114","QQP SUDESTE","Fisioterapeuta","Senior","III","30","R$ 5.444,54","R$ 12.130,18"
"115","QQP SUDESTE","Fisioterapeuta","Pleno","I","30","R$ 3.536,90","R$ 8.391,03"
"116","QQP SUDESTE","Fisioterapeuta","Pleno","II","30","R$ 3.976,76","R$ 9.253,18"
"117","QQP SUDESTE","Fisioterapeuta","Pleno","III","30","R$ 4.420,23","R$ 10.122,43"
"118","QQP SUDESTE","Fisioterapeuta","Junior","I","30","R$ 2.818,68","R$ 6.983,23"
"119","QQP SUDESTE","Fisioterapeuta","Junior","II","30","R$ 3.166,94","R$ 7.665,87"
"120","QQP SUDESTE","Fisioterapeuta","Junior","III","30","R$ 3.405,55","R$ 8.127,43"
"121","QQP SUDESTE","Enfermeiro","Especialista","I","44","R$ 10.024,97","R$ 21.108,26"
"122","QQP SUDESTE","Enfermeiro","Especialista","II","44","R$ 11.083,66","R$ 23.183,42"
"123","QQP SUDESTE","Enfermeiro","Especialista","III","44","R$ 12.319,12","R$ 25.605,02"
"124","QQP SUDESTE","Enfermeiro","Master","I","44","R$ 7.739,66","R$ 16.628,83"
"125","QQP SUDESTE","Enfermeiro","Master","II","44","R$ 8.706,45","R$ 18.523,84"
"126","QQP SUDESTE","Enfermeiro","Master","III","44","R$ 9.673,24","R$ 20.418,85"
"127","QQP SUDESTE","Enfermeiro","Senior","I","44","R$ 6.389,33","R$ 13.982,05"
"128","QQP SUDESTE","Enfermeiro","Senior","II","44","R$ 7.191,75","R$ 15.554,88"
"129","QQP SUDESTE","Enfermeiro","Senior","III","44","R$ 7.985,33","R$ 17.110,38"
"130","QQP SUDESTE","Enfermeiro","Pleno","I","44","R$ 5.187,46","R$ 11.626,28"
"131","QQP SUDESTE","Enfermeiro","Pleno","II","44","R$ 5.832,58","R$ 12.890,77"
"132","QQP SUDESTE","Enfermeiro","Pleno","III","44","R$ 6.483,00","R$ 14.165,66"
"133","QQP SUDESTE","Enfermeiro","Junior","I","44","R$ 4.134,06","R$ 9.561,51"
"134","QQP SUDESTE","Enfermeiro","Junior","II","44","R$ 4.644,85","R$ 10.562,71"
"135","QQP SUDESTE","Enfermeiro","Junior","III","44","R$ 5.164,48","R$ 11.581,24"
"136","QQP SUDESTE","Enfermeiro","Especialista","I","42","R$ 9.569,29","R$ 20.215,09"
"137","QQP SUDESTE","Enfermeiro","Especialista","II","42","R$ 10.579,86","R$ 22.195,92"
"138","QQP SUDESTE","Enfermeiro","Especialista","III","42","R$ 11.759,15","R$ 24.507,44"
"139","QQP SUDESTE","Enfermeiro","Master","I","42","R$ 7.387,86","R$ 15.939,27"
"140","QQP SUDESTE","Enfermeiro","Master","II","42","R$ 8.310,70","R$ 17.748,14"
"141","QQP SUDESTE","Enfermeiro","Master","III","42","R$ 9.233,55","R$ 19.557,01"
"142","QQP SUDESTE","Enfermeiro","Senior","I","42","R$ 6.098,90","R$ 13.412,79"
"143","QQP SUDESTE","Enfermeiro","Senior","II","42","R$ 6.864,85","R$ 14.914,13"
"144","QQP SUDESTE","Enfermeiro","Senior","III","42","R$ 7.622,36","R$ 16.398,92"
"145","QQP SUDESTE","Enfermeiro","Pleno","I","42","R$ 4.951,66","R$ 11.164,10"
"146","QQP SUDESTE","Enfermeiro","Pleno","II","42","R$ 5.567,46","R$ 12.371,12"
"147","QQP SUDESTE","Enfermeiro","Pleno","III","42","R$ 6.188,32","R$ 13.588,06"
"148","QQP SUDESTE","Enfermeiro","Junior","I","42","R$ 3.946,15","R$ 9.193,19"
"149","QQP SUDESTE","Enfermeiro","Junior","II","42","R$ 4.433,72","R$ 10.148,88"
"150","QQP SUDESTE","Enfermeiro","Junior","III","42","R$ 4.929,73","R$ 11.121,11"
"151","QQP SUDESTE","Enfermeiro","Especialista","I","40","R$ 9.113,60","R$ 19.321,91"
"152","QQP SUDESTE","Enfermeiro","Especialista","II","40","R$ 10.076,06","R$ 21.208,41"
"153","QQP SUDESTE","Enfermeiro","Especialista","III","40","R$ 11.199,19","R$ 23.409,87"
"154","QQP SUDESTE","Enfermeiro","Master","I","40","R$ 7.036,05","R$ 15.249,69"
"155","QQP SUDESTE","Enfermeiro","Master","II","40","R$ 7.914,95","R$ 16.972,43"
"156","QQP SUDESTE","Enfermeiro","Master","III","40","R$ 8.793,86","R$ 18.695,17"
"157","QQP SUDESTE","Enfermeiro","Senior","I","40","R$ 5.808,48","R$ 12.843,53"
"158","QQP SUDESTE","Enfermeiro","Senior","II","40","R$ 6.537,95","R$ 14.273,38"
"159","QQP SUDESTE","Enfermeiro","Senior","III","40","R$ 7.259,39","R$ 15.687,47"
"160","QQP SUDESTE","Enfermeiro","Pleno","I","40","R$ 4.715,87","R$ 10.701,92"
"161","QQP SUDESTE","Enfermeiro","Pleno","II","40","R$ 5.302,34","R$ 11.851,46"
"162","QQP SUDESTE","Enfermeiro","Pleno","III","40","R$ 5.893,63","R$ 13.010,45"
"163","QQP SUDESTE","Enfermeiro","Junior","I","40","R$ 3.758,24","R$ 8.824,86"
"164","QQP SUDESTE","Enfermeiro","Junior","II","40","R$ 4.222,60","R$ 9.735,05"
"165","QQP SUDESTE","Enfermeiro","Junior","III","40","R$ 4.694,99","R$ 10.660,98"
"166","QQP SUDESTE","Psicólogo","Especialista","I","44","R$ 7.739,66","R$ 16.628,83"
"167","QQP SUDESTE","Psicólogo","Especialista","II","44","R$ 8.706,45","R$ 18.523,84"
"168","QQP SUDESTE","Psicólogo","Especialista","III","44","R$ 9.673,24","R$ 20.418,85"
"169","QQP SUDESTE","Psicólogo","Master","I","44","R$ 6.389,33","R$ 13.982,05"
"170","QQP SUDESTE","Psicólogo","Master","II","44","R$ 7.191,75","R$ 15.554,88"
"171","QQP SUDESTE","Psicólogo","Master","III","44","R$ 7.985,33","R$ 17.110,38"
"172","QQP SUDESTE","Psicólogo","Senior","I","44","R$ 5.187,46","R$ 11.626,28"
"173","QQP SUDESTE","Psicólogo","Senior","II","44","R$ 5.832,58","R$ 12.890,77"
"174","QQP SUDESTE","Psicólogo","Senior","III","44","R$ 6.483,00","R$ 14.165,66"
"175","QQP SUDESTE","Psicólogo","Pleno","I","44","R$ 4.134,06","R$ 9.561,51"
"176","QQP SUDESTE","Psicólogo","Pleno","II","44","R$ 4.644,85","R$ 10.562,71"
"177","QQP SUDESTE","Psicólogo","Pleno","III","44","R$ 4.994,81","R$ 11.242,53"
"178","QQP SUDESTE","Psicólogo","Pleno","IV","44","R$ 5.164,48","R$ 11.581,24"
"179","QQP SUDESTE","Psicólogo","Junior","I","44","R$ 3.094,80","R$ 7.524,46"
"180","QQP SUDESTE","Psicólogo","Junior","II","44","R$ 3.506,61","R$ 8.331,66"
"181","QQP SUDESTE","Psicólogo","Junior","III","44","R$ 3.861,88","R$ 9.028,00"
"182","QQP SUDESTE","Psicólogo","Especialista","I","42","R$ 7.387,86","R$ 15.939,27"
"183","QQP SUDESTE","Psicólogo","Especialista","II","42","R$ 8.310,70","R$ 17.748,14"
"184","QQP SUDESTE","Psicólogo","Especialista","III","42","R$ 9.233,55","R$ 19.557,01"
"185","QQP SUDESTE","Psicólogo","Master","I","42","R$ 6.098,90","R$ 13.412,79"
"186","QQP SUDESTE","Psicólogo","Master","II","42","R$ 6.864,85","R$ 14.914,13"
"187","QQP SUDESTE","Psicólogo","Master","III","42","R$ 7.622,36","R$ 16.398,92"
"188","QQP SUDESTE","Psicólogo","Senior","I","42","R$ 4.951,66","R$ 11.164,10"
"189","QQP SUDESTE","Psicólogo","Senior","II","42","R$ 5.567,46","R$ 12.371,12"
"190","QQP SUDESTE","Psicólogo","Senior","III","42","R$ 6.188,32","R$ 13.588,06"
"191","QQP SUDESTE","Psicólogo","Pleno","I","42","R$ 3.946,15","R$ 9.193,19"
"192","QQP SUDESTE","Psicólogo","Pleno","II","42","R$ 4.433,72","R$ 10.148,88"
"193","QQP SUDESTE","Psicólogo","Pleno","III","42","R$ 4.767,77","R$ 10.797,51"
"194","QQP SUDESTE","Psicólogo","Pleno","IV","42","R$ 4.929,73","R$ 11.121,11"
"195","QQP SUDESTE","Psicólogo","Junior","I","42","R$ 2.954,13","R$ 7.248,73"
"196","QQP SUDESTE","Psicólogo","Junior","II","42","R$ 3.347,23","R$ 8.019,24"
"197","QQP SUDESTE","Psicólogo","Junior","III","42","R$ 3.686,33","R$ 8.683,93"
"198","QQP SUDESTE","Psicólogo","Especialista","I","40","R$ 7.036,05","R$ 15.249,69"
"199","QQP SUDESTE","Psicólogo","Especialista","II","40","R$ 7.914,95","R$ 16.972,43"
"200","QQP SUDESTE","Psicólogo","Especialista","III","40","R$ 8.793,86","R$ 18.695,17"
"201","QQP SUDESTE","Psicólogo","Master","I","40","R$ 5.808,48","R$ 12.843,53"
"202","QQP SUDESTE","Psicólogo","Master","II","40","R$ 6.537,95","R$ 14.273,38"
"203","QQP SUDESTE","Psicólogo","Master","III","40","R$ 7.259,39","R$ 15.687,47"
"204","QQP SUDESTE","Psicólogo","Senior","I","40","R$ 4.715,87","R$ 10.701,92"
"205","QQP SUDESTE","Psicólogo","Senior","II","40","R$ 5.302,34","R$ 11.851,46"
"206","QQP SUDESTE","Psicólogo","Senior","III","40","R$ 5.893,63","R$ 13.010,45"
"207","QQP SUDESTE","Psicólogo","Pleno","I","40","R$ 3.758,24","R$ 8.824,86"
"208","QQP SUDESTE","Psicólogo","Pleno","II","40","R$ 4.222,60","R$ 9.735,05"
"209","QQP SUDESTE","Psicólogo","Pleno","III","40","R$ 4.540,73","R$ 10.352,50"
"210","QQP SUDESTE","Psicólogo","Pleno","IV","40","R$ 4.694,99","R$ 10.660,98"
"211","QQP SUDESTE","Psicólogo","Junior","I","40","R$ 2.813,46","R$ 6.973,00"
"212","QQP SUDESTE","Psicólogo","Junior","II","40","R$ 3.187,84","R$ 7.706,81"
"213","QQP SUDESTE","Psicólogo","Junior","III","40","R$ 3.510,80","R$ 8.339,85"
"214","QQP SUDESTE","Ergonomista","Especialista","I","44","R$ 10.024,97","R$ 21.108,26"
"215","QQP SUDESTE","Ergonomista","Especialista","II","44","R$ 11.083,66","R$ 23.183,42"
"216","QQP SUDESTE","Ergonomista","Especialista","III","44","R$ 12.319,12","R$ 25.605,02"
"217","QQP SUDESTE","Ergonomista","Master","I","44","R$ 7.739,66","R$ 16.628,83"
"218","QQP SUDESTE","Ergonomista","Master","II","44","R$ 8.706,45","R$ 18.523,84"
"219","QQP SUDESTE","Ergonomista","Master","III","44","R$ 9.673,24","R$ 20.418,85"
"220","QQP SUDESTE","Ergonomista","Senior","I","44","R$ 6.389,33","R$ 13.982,05"
"221","QQP SUDESTE","Ergonomista","Senior","II","44","R$ 7.191,75","R$ 15.554,88"
"222","QQP SUDESTE","Ergonomista","Senior","III","44","R$ 7.985,33","R$ 17.110,38"
"223","QQP SUDESTE","Ergonomista","Pleno","I","44","R$ 5.187,46","R$ 11.626,28"
"224","QQP SUDESTE","Ergonomista","Pleno","II","44","R$ 5.832,58","R$ 12.890,77"
"225","QQP SUDESTE","Ergonomista","Pleno","III","44","R$ 6.483,00","R$ 14.165,66"
"226","QQP SUDESTE","Ergonomista","Junior","I","44","R$ 4.134,06","R$ 9.561,51"
"227","QQP SUDESTE","Ergonomista","Junior","II","44","R$ 4.644,85","R$ 10.562,71"
"228","QQP SUDESTE","Ergonomista","Junior","III","44","R$ 5.164,48","R$ 11.581,24"
"229","QQP SUDESTE","Ergonomista","Especialista","I","42","R$ 9.569,29","R$ 20.215,09"
"230","QQP SUDESTE","Ergonomista","Especialista","II","42","R$ 10.579,86","R$ 22.195,92"
"231","QQP SUDESTE","Ergonomista","Especialista","III","42","R$ 11.759,15","R$ 24.507,44"
"232","QQP SUDESTE","Ergonomista","Master","I","42","R$ 7.387,86","R$ 15.939,27"
"233","QQP SUDESTE","Ergonomista","Master","II","42","R$ 8.310,70","R$ 17.748,14"
"234","QQP SUDESTE","Ergonomista","Master","III","42","R$ 9.233,55","R$ 19.557,01"
"235","QQP SUDESTE","Ergonomista","Senior","I","42","R$ 6.098,90","R$ 13.412,79"
"236","QQP SUDESTE","Ergonomista","Senior","II","42","R$ 6.864,85","R$ 14.914,13"
"237","QQP SUDESTE","Ergonomista","Senior","III","42","R$ 7.622,36","R$ 16.398,92"
"238","QQP SUDESTE","Ergonomista","Pleno","I","42","R$ 4.951,66","R$ 11.164,10"
"239","QQP SUDESTE","Ergonomista","Pleno","II","42","R$ 5.567,46","R$ 12.371,12"
"240","QQP SUDESTE","Ergonomista","Pleno","III","42","R$ 6.188,32","R$ 13.588,06"
"241","QQP SUDESTE","Ergonomista","Junior","I","42","R$ 3.946,15","R$ 9.193,19"
"242","QQP SUDESTE","Ergonomista","Junior","II","42","R$ 4.433,72","R$ 10.148,88"
"243","QQP SUDESTE","Ergonomista","Junior","III","42","R$ 4.929,73","R$ 11.121,11"
"244","QQP SUDESTE","Ergonomista","Especialista","I","40","R$ 9.113,60","R$ 19.321,91"
"245","QQP SUDESTE","Ergonomista","Especialista","II","40","R$ 10.076,06","R$ 21.208,41"
"246","QQP SUDESTE","Ergonomista","Especialista","III","40","R$ 11.199,19","R$ 23.409,87"
"247","QQP SUDESTE","Ergonomista","Master","I","40","R$ 7.036,05","R$ 15.249,69"
"248","QQP SUDESTE","Ergonomista","Master","II","40","R$ 7.914,95","R$ 16.972,43"
"249","QQP SUDESTE","Ergonomista","Master","III","40","R$ 8.793,86","R$ 18.695,17"
"250","QQP SUDESTE","Ergonomista","Senior","I","40","R$ 5.808,48","R$ 12.843,53"
"251","QQP SUDESTE","Ergonomista","Senior","II","40","R$ 6.537,95","R$ 14.273,38"
"252","QQP SUDESTE","Ergonomista","Senior","III","40","R$ 7.259,39","R$ 15.687,47"
"253","QQP SUDESTE","Ergonomista","Pleno","I","40","R$ 4.715,87","R$ 10.701,92"
"254","QQP SUDESTE","Ergonomista","Pleno","II","40","R$ 5.302,34","R$ 11.851,46"
"255","QQP SUDESTE","Ergonomista","Pleno","III","40","R$ 5.893,63","R$ 13.010,45"
"256","QQP SUDESTE","Ergonomista","Junior","I","40","R$ 3.758,24","R$ 8.824,86"
"257","QQP SUDESTE","Ergonomista","Junior","II","40","R$ 4.222,60","R$ 9.735,05"
"258","QQP SUDESTE","Ergonomista","Junior","III","40","R$ 4.694,99","R$ 10.660,98"
"259","QQP SUDESTE","Engenheiro","Especialista","I","44","R$ 14.977,35","R$ 30.809,30"
"260","QQP SUDESTE","Engenheiro","Especialista","II","44","R$ 15.203,42","R$ 31.252,41"
"261","QQP SUDESTE","Engenheiro","Especialista","III","44","R$ 15.726,76","R$ 32.278,19"
"262","QQP SUDESTE","Engenheiro","Master","I","44","R$ 13.045,69","R$ 27.023,05"
"263","QQP SUDESTE","Engenheiro","Master","II","44","R$ 13.636,66","R$ 28.181,42"
"264","QQP SUDESTE","Engenheiro","Master","III","44","R$ 14.263,30","R$ 29.409,69"
"265","QQP SUDESTE","Engenheiro","Senior","I","44","R$ 11.862,31","R$ 24.703,50"
"266","QQP SUDESTE","Engenheiro","Senior","II","44","R$ 12.454,89","R$ 25.865,01"
"267","QQP SUDESTE","Engenheiro","Senior","III","44","R$ 12.618,72","R$ 26.186,14"
"268","QQP SUDESTE","Engenheiro","Pleno","I","44","R$ 10.245,41","R$ 21.534,23"
"269","QQP SUDESTE","Engenheiro","Pleno","II","44","R$ 10.425,88","R$ 21.887,96"
"270","QQP SUDESTE","Engenheiro","Pleno","III","44","R$ 10.673,61","R$ 22.373,55"
"271","QQP SUDESTE","Engenheiro","Pleno","IV","44","R$ 10.976,07","R$ 22.966,38"
"272","QQP SUDESTE","Engenheiro","Pleno","V","44","R$ 11.267,97","R$ 23.538,53"
"273","QQP SUDESTE","Engenheiro","Junior","I","44","R$ 8.791,15","R$ 18.683,72"
"274","QQP SUDESTE","Engenheiro","Junior","II","44","R$ 9.230,51","R$ 19.544,91"
"275","QQP SUDESTE","Engenheiro","Junior","III","44","R$ 9.617,81","R$ 20.304,07"
"276","QQP SUDESTE","Engenheiro","Junior","IV","44","R$ 9.875,69","R$ 20.809,53"
"277","QQP SUDESTE","Engenheiro","Junior","V","44","R$ 10.075,74","R$ 21.201,65"
"278","QQP SUDESTE","Engenheiro","Especialista","I","42","R$ 14.296,57","R$ 29.474,89"
"279","QQP SUDESTE","Engenheiro","Especialista","II","42","R$ 14.512,36","R$ 29.897,85"
"280","QQP SUDESTE","Engenheiro","Especialista","III","42","R$ 15.011,90","R$ 30.877,01"
"281","QQP SUDESTE","Engenheiro","Master","I","42","R$ 12.452,71","R$ 25.860,75"
"282","QQP SUDESTE","Engenheiro","Master","II","42","R$ 13.016,81","R$ 26.966,45"
"283","QQP SUDESTE","Engenheiro","Master","III","42","R$ 13.614,97","R$ 28.138,90"
"284","QQP SUDESTE","Engenheiro","Senior","I","42","R$ 11.323,11","R$ 23.646,63"
"285","QQP SUDESTE","Engenheiro","Senior","II","42","R$ 11.888,75","R$ 24.755,34"
"286","QQP SUDESTE","Engenheiro","Senior","III","42","R$ 12.045,14","R$ 25.061,87"
"287","QQP SUDESTE","Engenheiro","Pleno","I","42","R$ 9.779,72","R$ 20.621,41"
"288","QQP SUDESTE","Engenheiro","Pleno","II","42","R$ 9.951,97","R$ 20.959,07"
"289","QQP SUDESTE","Engenheiro","Pleno","III","42","R$ 10.188,46","R$ 21.422,58"
"290","QQP SUDESTE","Engenheiro","Pleno","IV","42","R$ 10.477,16","R$ 21.988,47"
"291","QQP SUDESTE","Engenheiro","Pleno","V","42","R$ 10.755,78","R$ 22.534,60"
"292","QQP SUDESTE","Engenheiro","Junior","I","42","R$ 8.391,55","R$ 17.900,47"
"293","QQP SUDESTE","Engenheiro","Junior","II","42","R$ 8.810,94","R$ 18.722,51"
"294","QQP SUDESTE","Engenheiro","Junior","III","42","R$ 9.180,63","R$ 19.447,16"
"295","QQP SUDESTE","Engenheiro","Junior","IV","42","R$ 9.426,80","R$ 19.929,66"
"296","QQP SUDESTE","Engenheiro","Junior","V","42","R$ 9.617,75","R$ 20.303,95"
"297","QQP SUDESTE","Engenheiro","Especialista","I","40","R$ 13.615,78","R$ 28.140,47"
"298","QQP SUDESTE","Engenheiro","Especialista","II","40","R$ 13.821,29","R$ 28.543,30"
"299","QQP SUDESTE","Engenheiro","Especialista","III","40","R$ 14.297,05","R$ 29.475,83"
"300","QQP SUDESTE","Engenheiro","Master","I","40","R$ 11.859,72","R$ 24.698,43"
"301","QQP SUDESTE","Engenheiro","Master","II","40","R$ 12.396,97","R$ 25.751,49"
"302","QQP SUDESTE","Engenheiro","Master","III","40","R$ 12.966,64","R$ 26.868,10"
"303","QQP SUDESTE","Engenheiro","Senior","I","40","R$ 10.783,92","R$ 22.589,75"
"304","QQP SUDESTE","Engenheiro","Senior","II","40","R$ 11.322,62","R$ 23.645,66"
"305","QQP SUDESTE","Engenheiro","Senior","III","40","R$ 11.471,56","R$ 23.937,60"
"306","QQP SUDESTE","Engenheiro","Pleno","I","40","R$ 9.314,01","R$ 19.708,59"
"307","QQP SUDESTE","Engenheiro","Pleno","II","40","R$ 9.478,07","R$ 20.030,16"
"308","QQP SUDESTE","Engenheiro","Pleno","III","40","R$ 9.703,29","R$ 20.471,62"
"309","QQP SUDESTE","Engenheiro","Pleno","IV","40","R$ 9.978,25","R$ 21.010,55"
"310","QQP SUDESTE","Engenheiro","Pleno","V","40","R$ 10.243,60","R$ 21.530,68"
"311","QQP SUDESTE","Engenheiro","Junior","I","40","R$ 7.991,95","R$ 17.117,22"
"312","QQP SUDESTE","Engenheiro","Junior","II","40","R$ 8.391,37","R$ 17.900,12"
"313","QQP SUDESTE","Engenheiro","Junior","III","40","R$ 8.743,47","R$ 18.590,26"
"314","QQP SUDESTE","Engenheiro","Junior","IV","40","R$ 8.977,90","R$ 19.049,78"
"315","QQP SUDESTE","Engenheiro","Junior","V","40","R$ 9.159,76","R$ 19.406,25"
"316","QQP SUDESTE","Analista","Especialista","I","44","R$ 9.653,80","R$ 20.374,61"
"317","QQP SUDESTE","Analista","Especialista","II","44","R$ 10.673,61","R$ 22.373,55"
"318","QQP SUDESTE","Analista","Especialista","III","44","R$ 11.267,48","R$ 23.537,58"
"319","QQP SUDESTE","Analista","Master","I","44","R$ 7.643,90","R$ 16.434,99"
"320","QQP SUDESTE","Analista","Master","II","44","R$ 7.689,68","R$ 16.524,75"
"321","QQP SUDESTE","Analista","Master","III","44","R$ 8.111,09","R$ 17.350,74"
"322","QQP SUDESTE","Analista","Master","IV","44","R$ 8.385,42","R$ 17.888,45"
"323","QQP SUDESTE","Analista","Master","V","44","R$ 8.618,96","R$ 18.346,23"
"324","QQP SUDESTE","Analista","Master","VI","44","R$ 8.931,66","R$ 18.959,14"
"325","QQP SUDESTE","Analista","Master","VII","44","R$ 9.315,41","R$ 19.711,34"
"326","QQP SUDESTE","Analista","Senior","I","44","R$ 6.242,30","R$ 13.687,74"
"327","QQP SUDESTE","Analista","Senior","II","44","R$ 6.406,33","R$ 14.009,25"
"328","QQP SUDESTE","Analista","Senior","III","44","R$ 6.609,38","R$ 14.407,24"
"329","QQP SUDESTE","Analista","Senior","IV","44","R$ 6.793,70","R$ 14.768,54"
"330","QQP SUDESTE","Analista","Senior","V","44","R$ 6.924,06","R$ 15.024,04"
"331","QQP SUDESTE","Analista","Senior","VI","44","R$ 7.114,85","R$ 15.398,02"
"332","QQP SUDESTE","Analista","Senior","VII","44","R$ 7.373,72","R$ 15.905,42"
"333","QQP SUDESTE","Analista","Senior","VIII","44","R$ 7.453,65","R$ 16.062,10"
"334","QQP SUDESTE","Analista","Pleno","I","44","R$ 4.876,18","R$ 11.010,01"
"335","QQP SUDESTE","Analista","Pleno","II","44","R$ 4.994,16","R$ 11.241,27"
"336","QQP SUDESTE","Analista","Pleno","III","44","R$ 5.195,13","R$ 11.635,17"
"337","QQP SUDESTE","Analista","Pleno","IV","44","R$ 5.363,80","R$ 11.965,79"
"338","QQP SUDESTE","Analista","Pleno","V","44","R$ 5.608,12","R$ 12.444,68"
"339","QQP SUDESTE","Analista","Pleno","VI","44","R$ 5.616,47","R$ 12.461,04"
"340","QQP SUDESTE","Analista","Pleno","VII","44","R$ 5.775,00","R$ 12.771,79"
"341","QQP SUDESTE","Analista","Pleno","VIII","44","R$ 6.008,53","R$ 13.229,51"
"342","QQP SUDESTE","Analista","Junior","I","44","R$ 3.681,12","R$ 8.667,57"
"343","QQP SUDESTE","Analista","Junior","II","44","R$ 3.980,30","R$ 9.253,98"
"344","QQP SUDESTE","Analista","Junior","III","44","R$ 4.138,29","R$ 9.563,66"
"345","QQP SUDESTE","Analista","Junior","IV","44","R$ 4.473,25","R$ 10.220,22"
"346","QQP SUDESTE","Analista","Junior","V","44","R$ 4.619,21","R$ 10.506,32"
"347","QQP SUDESTE","Analista","Especialista","I","42","R$ 9.214,99","R$ 19.514,50"
"348","QQP SUDESTE","Analista","Especialista","II","42","R$ 10.188,46","R$ 21.422,58"
"349","QQP SUDESTE","Analista","Especialista","III","42","R$ 10.755,32","R$ 22.533,70"
"350","QQP SUDESTE","Analista","Master","I","42","R$ 7.296,44","R$ 15.753,95"
"351","QQP SUDESTE","Analista","Master","II","42","R$ 7.340,15","R$ 15.839,63"
"352","QQP SUDESTE","Analista","Master","III","42","R$ 7.742,40","R$ 16.628,09"
"353","QQP SUDESTE","Analista","Master","IV","42","R$ 8.004,26","R$ 17.141,35"
"354","QQP SUDESTE","Analista","Master","V","42","R$ 8.227,19","R$ 17.578,32"
"355","QQP SUDESTE","Analista","Master","VI","42","R$ 8.525,68","R$ 18.163,38"
"356","QQP SUDESTE","Analista","Master","VII","42","R$ 8.891,98","R$ 18.881,38"
"357","QQP SUDESTE","Analista","Senior","I","42","R$ 5.958,57","R$ 13.131,58"
"358","QQP SUDESTE","Analista","Senior","II","42","R$ 6.115,14","R$ 13.438,48"
"359","QQP SUDESTE","Analista","Senior","III","42","R$ 6.308,95","R$ 13.818,37"
"360","QQP SUDESTE","Analista","Senior","IV","42","R$ 6.484,90","R$ 14.163,26"
"361","QQP SUDESTE","Analista","Senior","V","42","R$ 6.609,33","R$ 14.407,14"
"362","QQP SUDESTE","Analista","Senior","VI","42","R$ 6.791,45","R$ 14.764,12"
"363","QQP SUDESTE","Analista","Senior","VII","42","R$ 7.038,55","R$ 15.248,46"
"364","QQP SUDESTE","Analista","Senior","VIII","42","R$ 7.114,85","R$ 15.398,01"
"365","QQP SUDESTE","Analista","Pleno","I","42","R$ 4.654,54","R$ 10.575,56"
"366","QQP SUDESTE","Analista","Pleno","II","42","R$ 4.767,16","R$ 10.796,31"
"367","QQP SUDESTE","Analista","Pleno","III","42","R$ 4.958,98","R$ 11.172,31"
"368","QQP SUDESTE","Analista","Pleno","IV","42","R$ 5.119,99","R$ 11.487,89"
"369","QQP SUDESTE","Analista","Pleno","V","42","R$ 5.353,21","R$ 11.945,03"
"370","QQP SUDESTE","Analista","Pleno","VI","42","R$ 5.361,17","R$ 11.960,64"
"371","QQP SUDESTE","Analista","Pleno","VII","42","R$ 5.512,50","R$ 12.257,26"
"372","QQP SUDESTE","Analista","Pleno","VIII","42","R$ 5.735,41","R$ 12.694,18"
"373","QQP SUDESTE","Analista","Junior","I","42","R$ 3.513,80","R$ 8.339,59"
"374","QQP SUDESTE","Analista","Junior","II","42","R$ 3.799,37","R$ 8.899,35"
"375","QQP SUDESTE","Analista","Junior","III","42","R$ 3.950,18","R$ 9.194,96"
"376","QQP SUDESTE","Analista","Junior","IV","42","R$ 4.269,92","R$ 9.821,68"
"377","QQP SUDESTE","Analista","Junior","V","42","R$ 4.409,24","R$ 10.094,77"
"378","QQP SUDESTE","Analista","Especialista","I","40","R$ 8.776,18","R$ 18.654,39"
"379","QQP SUDESTE","Analista","Especialista","II","40","R$ 9.703,29","R$ 20.471,62"
"380","QQP SUDESTE","Analista","Especialista","III","40","R$ 10.243,16","R$ 21.529,82"
"381","QQP SUDESTE","Analista","Master","I","40","R$ 6.948,99","R$ 15.072,92"
"382","QQP SUDESTE","Analista","Master","II","40","R$ 6.990,62","R$ 15.154,52"
"383","QQP SUDESTE","Analista","Master","III","40","R$ 7.373,72","R$ 15.905,42"
"384","QQP SUDESTE","Analista","Master","IV","40","R$ 7.623,11","R$ 16.394,25"
"385","QQP SUDESTE","Analista","Master","V","40","R$ 7.835,43","R$ 16.810,41"
"386","QQP SUDESTE","Analista","Master","VI","40","R$ 8.119,70","R$ 17.367,61"
"387","QQP SUDESTE","Analista","Master","VII","40","R$ 8.468,56","R$ 18.051,42"
"388","QQP SUDESTE","Analista","Senior","I","40","R$ 5.674,82","R$ 12.575,43"
"389","QQP SUDESTE","Analista","Senior","II","40","R$ 5.823,94","R$ 12.867,71"
"390","QQP SUDESTE","Analista","Senior","III","40","R$ 6.008,53","R$ 13.229,51"
"391","QQP SUDESTE","Analista","Senior","IV","40","R$ 6.176,09","R$ 13.557,97"
"392","QQP SUDESTE","Analista","Senior","V","40","R$ 6.294,60","R$ 13.790,24"
"393","QQP SUDESTE","Analista","Senior","VI","40","R$ 6.468,05","R$ 14.130,22"
"394","QQP SUDESTE","Analista","Senior","VII","40","R$ 6.703,38","R$ 14.591,50"
"395","QQP SUDESTE","Analista","Senior","VIII","40","R$ 6.776,04","R$ 14.733,93"
"396","QQP SUDESTE","Analista","Pleno","I","40","R$ 4.432,89","R$ 10.141,12"
"397","QQP SUDESTE","Analista","Pleno","II","40","R$ 4.540,15","R$ 10.351,35"
"398","QQP SUDESTE","Analista","Pleno","III","40","R$ 4.722,84","R$ 10.709,45"
"399","QQP SUDESTE","Analista","Pleno","IV","40","R$ 4.876,18","R$ 11.010,01"
"400","QQP SUDESTE","Analista","Pleno","V","40","R$ 5.098,29","R$ 11.445,36"
"401","QQP SUDESTE","Analista","Pleno","VI","40","R$ 5.105,88","R$ 11.460,24"
"402","QQP SUDESTE","Analista","Pleno","VII","40","R$ 5.250,00","R$ 11.742,74"
"403","QQP SUDESTE","Analista","Pleno","VIII","40","R$ 5.462,30","R$ 12.158,84"
"404","QQP SUDESTE","Analista","Junior","I","40","R$ 3.346,47","R$ 8.011,63"
"405","QQP SUDESTE","Analista","Junior","II","40","R$ 3.618,45","R$ 8.544,72"
"406","QQP SUDESTE","Analista","Junior","III","40","R$ 3.762,08","R$ 8.826,26"
"407","QQP SUDESTE","Analista","Junior","IV","40","R$ 4.066,59","R$ 9.423,13"
"408","QQP SUDESTE","Analista","Junior","V","40","R$ 4.199,28","R$ 9.683,22"
"409","QQP SUDESTE","Assistente Social","Especialista","I","30","R$ 6.843,45","R$ 14.866,06"
"410","QQP SUDESTE","Assistente Social","Especialista","II","30","R$ 7.559,55","R$ 16.269,67"
"411","QQP SUDESTE","Assistente Social","Especialista","III","30","R$ 8.396,15","R$ 17.909,49"
"412","QQP SUDESTE","Assistente Social","Master","I","30","R$ 5.296,55","R$ 11.833,97"
"413","QQP SUDESTE","Assistente Social","Master","II","30","R$ 5.951,23","R$ 13.117,21"
"414","QQP SUDESTE","Assistente Social","Master","III","30","R$ 6.604,76","R$ 14.398,18"
"415","QQP SUDESTE","Assistente Social","Senior","I","30","R$ 4.382,31","R$ 10.041,97"
"416","QQP SUDESTE","Assistente Social","Senior","II","30","R$ 4.925,76","R$ 11.107,18"
"417","QQP SUDESTE","Assistente Social","Senior","III","30","R$ 5.462,25","R$ 12.158,76"
"418","QQP SUDESTE","Assistente Social","Pleno","I","30","R$ 3.616,39","R$ 8.540,70"
"419","QQP SUDESTE","Assistente Social","Pleno","II","30","R$ 4.005,73","R$ 9.303,83"
"420","QQP SUDESTE","Assistente Social","Pleno","III","30","R$ 4.446,04","R$ 10.166,89"
"421","QQP SUDESTE","Assistente Social","Junior","I","30","R$ 2.882,92","R$ 7.103,02"
"422","QQP SUDESTE","Assistente Social","Junior","II","30","R$ 3.238,65","R$ 7.800,28"
"423","QQP SUDESTE","Assistente Social","Junior","III","30","R$ 3.601,33","R$ 8.511,17"
"424","QQP SUDESTE","Terapeuta Ocupacional","Especialista","I","30","R$ 6.835,20","R$ 14.856,02"
"425","QQP SUDESTE","Terapeuta Ocupacional","Especialista","II","30","R$ 7.557,05","R$ 16.270,90"
"426","QQP SUDESTE","Terapeuta Ocupacional","Especialista","III","30","R$ 8.399,39","R$ 17.921,99"
"427","QQP SUDESTE","Terapeuta Ocupacional","Master","I","30","R$ 5.277,04","R$ 11.801,86"
"428","QQP SUDESTE","Terapeuta Ocupacional","Master","II","30","R$ 5.936,21","R$ 13.093,91"
"429","QQP SUDESTE","Terapeuta Ocupacional","Master","III","30","R$ 6.595,39","R$ 14.385,96"
"430","QQP SUDESTE","Terapeuta Ocupacional","Senior","I","30","R$ 4.356,36","R$ 9.997,23"
"431","QQP SUDESTE","Terapeuta Ocupacional","Senior","II","30","R$ 4.903,46","R$ 11.069,62"
"432","QQP SUDESTE","Terapeuta Ocupacional","Senior","III","30","R$ 5.444,54","R$ 12.130,18"
"433","QQP SUDESTE","Terapeuta Ocupacional","Pleno","I","30","R$ 3.536,90","R$ 8.391,03"
"434","QQP SUDESTE","Terapeuta Ocupacional","Pleno","II","30","R$ 3.976,76","R$ 9.253,18"
"435","QQP SUDESTE","Terapeuta Ocupacional","Pleno","III","30","R$ 4.420,23","R$ 10.122,43"
"436","QQP SUDESTE","Terapeuta Ocupacional","Junior","I","30","R$ 2.818,68","R$ 6.983,23"
"437","QQP SUDESTE","Terapeuta Ocupacional","Junior","II","30","R$ 3.166,94","R$ 7.665,87"
"438","QQP SUDESTE","Terapeuta Ocupacional","Junior","III","30","R$ 3.521,24","R$ 8.360,32"
"439","QQP SUDESTE","Nutricionista","-","I","44","R$ 4.440,71","R$ 10.162,58"
"440","QQP SUDESTE","Nutricionista","-","II","44","R$ 5.547,07","R$ 12.331,15"
"441","QQP SUDESTE","Nutricionista","-","III","44","R$ 7.788,36","R$ 16.724,29"
"442","QQP SUDESTE","Educador Fisico","-","I","44","R$ 3.767,72","R$ 8.843,45"
"443","QQP SUDESTE","Educador Fisico","-","II","44","R$ 4.148,41","R$ 9.589,62"
"444","QQP SUDESTE","Educador Fisico","-","III","44","R$ 6.626,74","R$ 14.447,41"
"445","QQP SUDESTE","Nutricionista","-","I","42","R$ 4.238,86","R$ 9.766,93"
"446","QQP SUDESTE","Nutricionista","-","II","42","R$ 5.294,93","R$ 11.836,93"
"447","QQP SUDESTE","Nutricionista","-","III","42","R$ 7.398,94","R$ 15.961,00"
"448","QQP SUDESTE","Educador Fisico","-","I","42","R$ 3.596,46","R$ 8.507,77"
"449","QQP SUDESTE","Educador Fisico","-","II","42","R$ 3.959,84","R$ 9.220,02"
"450","QQP SUDESTE","Educador Fisico","-","III","42","R$ 6.295,41","R$ 13.797,98"
"451","QQP SUDESTE","Nutricionista","-","I","40","R$ 4.037,01","R$ 9.371,29"
"452","QQP SUDESTE","Nutricionista","-","II","40","R$ 5.042,79","R$ 11.342,71"
"453","QQP SUDESTE","Nutricionista","-","III","40","R$ 7.009,53","R$ 15.197,70"
"454","QQP SUDESTE","Educador Fisico","-","I","40","R$ 3.425,20","R$ 8.172,08"
"455","QQP SUDESTE","Educador Fisico","-","II","40","R$ 3.771,27","R$ 8.850,42"
"456","QQP SUDESTE","Educador Fisico","-","III","40","R$ 5.964,07","R$ 13.148,51"
"457","QQP SUDESTE","Médico Plantonista - Plantão 6h","-","I","30","R$ 14.844,96","R$ 30.555,92"
"458","QQP SUDESTE","Médico Plantonista - Plantão 6h","-","II","30","R$ 15.511,76","R$ 31.862,93"
"459","QQP SUDESTE","Médico Plantonista - Plantão 6h","-","III","30","R$ 16.164,11","R$ 33.141,60"
"460","QQP SUDESTE","Médico","Junior","I","32","R$ 7.290,88","R$ 15.749,20"
"461","QQP SUDESTE","Médico","Junior","II","24","R$ 6.045,63","R$ 13.302,25"
"462","QQP SUDESTE","Médico","Pleno","I","32","R$ 10.246,84","R$ 21.543,17"
"463","QQP SUDESTE","Médico","Pleno","II","32","R$ 12.443,82","R$ 25.849,46"
"464","QQP SUDESTE","Médico","Pleno","III","32","R$ 16.167,04","R$ 33.147,34"
"465","QQP SUDESTE","Médico","Pleno","I","24","R$ 9.332,87","R$ 19.751,68"
"466","QQP SUDESTE","Médico","Pleno","II","24","R$ 11.500,16","R$ 23.999,78"
"467","QQP SUDESTE","Médico","Pleno","II","24","R$ 14.550,75","R$ 29.979,24"
"468","QQP SUDESTE","Técnico em Enfermagem","-","I","44","R$ 2.979,92","R$ 7.293,15"
"469","QQP SUDESTE","Técnico em Enfermagem","-","II","44","R$ 3.094,80","R$ 7.524,46"
"470","QQP SUDESTE","Técnico em Enfermagem","-","III","44","R$ 3.506,61","R$ 8.331,66"
"471","QQP SUDESTE","Técnico em Enfermagem","-","IV","44","R$ 3.861,88","R$ 9.028,00"
"472","QQP SUDESTE","Técnico em Enfermagem","-","I","42","R$ 2.844,47","R$ 7.038,70"
"473","QQP SUDESTE","Técnico em Enfermagem","-","II","42","R$ 2.954,13","R$ 7.248,73"
"474","QQP SUDESTE","Técnico em Enfermagem","-","III","42","R$ 3.347,23","R$ 8.019,24"
"475","QQP SUDESTE","Técnico em Enfermagem","-","IV","42","R$ 3.686,33","R$ 8.683,93"
"476","QQP SUDESTE","Técnico em Enfermagem","-","I","40","R$ 2.709,02","R$ 6.773,20"
"477","QQP SUDESTE","Técnico em Enfermagem","-","II","40","R$ 2.813,46","R$ 6.973,00"
"478","QQP SUDESTE","Técnico em Enfermagem","-","III","40","R$ 3.187,84","R$ 7.706,81"
"479","QQP SUDESTE","Técnico em Enfermagem","-","IV","40","R$ 3.510,80","R$ 8.339,85"
"480","QQP SUDESTE","Técnico em Enfermagem - Plantão 12h","-","I","42","R$ 2.954,13","R$ 7.248,73"
"481","QQP SUDESTE","Técnico em Enfermagem - Plantão 12h","-","II","42","R$ 3.347,23","R$ 8.019,24"
"482","QQP SUDESTE","Técnico em Enfermagem - Plantão 12h","-","III","42","R$ 3.686,33","R$ 8.683,93"
"483","QQP SUDESTE","Técnico em Enfermagem - Plantão 6h","-","I","30","R$ 2.633,10","R$ 6.619,47"
"484","QQP SUDESTE","Técnico em Enfermagem - Plantão 6h","-","II","30","R$ 2.898,21","R$ 7.139,13"
"485","QQP SUDESTE","Técnico em Enfermagem - Plantão 6h","-","III","30","R$ 3.207,92","R$ 7.746,18"
"486","QQP SUDESTE","Nivel Técnico","Especialista","I","44","R$ 4.994,81","R$ 11.242,53"
"487","QQP SUDESTE","Nivel Técnico","Especialista","II","44","R$ 5.195,13","R$ 11.635,17"
"488","QQP SUDESTE","Nivel Técnico","Especialista","III","44","R$ 5.616,95","R$ 12.461,98"
"489","QQP SUDESTE","Nivel Técnico","Especialista","IV","44","R$ 5.775,00","R$ 12.771,79"
"490","QQP SUDESTE","Nivel Técnico","Especialista","V","44","R$ 6.242,62","R$ 13.688,38"
"491","QQP SUDESTE","Nivel Técnico","Master","I","44","R$ 3.996,63","R$ 9.286,00"
"492","QQP SUDESTE","Nivel Técnico","Master","II","44","R$ 4.093,89","R$ 9.476,64"
"493","QQP SUDESTE","Nivel Técnico","Master","III","44","R$ 4.396,29","R$ 10.069,38"
"494","QQP SUDESTE","Nivel Técnico","Master","IV","44","R$ 4.619,21","R$ 10.506,32"
"495","QQP SUDESTE","Nivel Técnico","Senior","I","44","R$ 3.375,51","R$ 8.068,53"
"496","QQP SUDESTE","Nivel Técnico","Senior","II","44","R$ 3.439,67","R$ 8.194,30"
"497","QQP SUDESTE","Nivel Técnico","Senior","III","44","R$ 3.631,02","R$ 8.569,37"
"498","QQP SUDESTE","Nivel Técnico","Senior","IV","44","R$ 3.718,07","R$ 8.739,99"
"499","QQP SUDESTE","Nivel Técnico","Senior","V","44","R$ 3.786,01","R$ 8.873,16"
"500","QQP SUDESTE","Nivel Técnico","Senior","VI","44","R$ 3.905,10","R$ 9.106,58"
"501","QQP SUDESTE","Nivel Técnico","Pleno","I","44","R$ 2.794,48","R$ 6.929,68"
"502","QQP SUDESTE","Nivel Técnico","Pleno","II","44","R$ 2.980,40","R$ 7.294,09"
"503","QQP SUDESTE","Nivel Técnico","Pleno","III","44","R$ 3.073,53","R$ 7.476,65"
"504","QQP SUDESTE","Nivel Técnico","Junior","I","44","R$ 2.419,31","R$ 6.194,31"
"505","QQP SUDESTE","Nivel Técnico","Junior","II","44","R$ 2.529,38","R$ 6.410,04"
"506","QQP SUDESTE","Nivel Técnico","Junior","III","44","R$ 2.664,03","R$ 6.673,97"
"507","QQP SUDESTE","Nivel Técnico","Especialista","I","42","R$ 4.767,77","R$ 10.809,49"
"508","QQP SUDESTE","Nivel Técnico","Especialista","II","42","R$ 4.958,98","R$ 11.172,31"
"509","QQP SUDESTE","Nivel Técnico","Especialista","III","42","R$ 5.361,63","R$ 11.974,43"
"510","QQP SUDESTE","Nivel Técnico","Especialista","IV","42","R$ 5.512,50","R$ 12.257,26"
"511","QQP SUDESTE","Nivel Técnico","Especialista","V","42","R$ 5.958,87","R$ 13.146,00"
"512","QQP SUDESTE","Nivel Técnico","Master","I","42","R$ 3.814,97","R$ 8.929,91"
"513","QQP SUDESTE","Nivel Técnico","Master","II","42","R$ 3.907,81","R$ 9.111,90"
"514","QQP SUDESTE","Nivel Técnico","Master","III","42","R$ 4.196,46","R$ 9.677,69"
"515","QQP SUDESTE","Nivel Técnico","Master","IV","42","R$ 4.409,24","R$ 10.094,77"
"516","QQP SUDESTE","Nivel Técnico","Senior","I","42","R$ 3.222,07","R$ 7.767,79"
"517","QQP SUDESTE","Nivel Técnico","Senior","II","42","R$ 3.283,32","R$ 7.887,84"
"518","QQP SUDESTE","Nivel Técnico","Senior","III","42","R$ 3.465,97","R$ 8.245,86"
"519","QQP SUDESTE","Nivel Técnico","Senior","IV","42","R$ 3.549,06","R$ 8.408,72"
"520","QQP SUDESTE","Nivel Técnico","Senior","V","42","R$ 3.613,92","R$ 8.535,85"
"521","QQP SUDESTE","Nivel Técnico","Senior","VI","42","R$ 3.727,59","R$ 8.758,66"
"522","QQP SUDESTE","Nivel Técnico","Pleno","I","42","R$ 2.667,46","R$ 6.680,70"
"523","QQP SUDESTE","Nivel Técnico","Pleno","II","42","R$ 2.844,93","R$ 7.028,55"
"524","QQP SUDESTE","Nivel Técnico","Pleno","III","42","R$ 2.933,83","R$ 7.202,81"
"525","QQP SUDESTE","Nivel Técnico","Junior","I","42","R$ 2.309,35","R$ 5.978,76"
"526","QQP SUDESTE","Nivel Técnico","Junior","II","42","R$ 2.414,41","R$ 6.184,68"
"527","QQP SUDESTE","Nivel Técnico","Junior","III","42","R$ 2.542,93","R$ 6.436,61"
"528","QQP SUDESTE","Nivel Técnico","Especialista","I","40","R$ 4.540,73","R$ 10.364,47"
"529","QQP SUDESTE","Nivel Técnico","Especialista","II","40","R$ 4.722,84","R$ 10.709,45"
"530","QQP SUDESTE","Nivel Técnico","Especialista","III","40","R$ 5.106,32","R$ 11.473,99"
"531","QQP SUDESTE","Nivel Técnico","Especialista","IV","40","R$ 5.250,00","R$ 11.742,74"
"532","QQP SUDESTE","Nivel Técnico","Especialista","V","40","R$ 5.675,11","R$ 12.589,81"
"533","QQP SUDESTE","Nivel Técnico","Master","I","40","R$ 3.633,30","R$ 8.573,84"
"534","QQP SUDESTE","Nivel Técnico","Master","II","40","R$ 3.721,72","R$ 8.747,14"
"535","QQP SUDESTE","Nivel Técnico","Master","III","40","R$ 3.996,63","R$ 9.286,00"
"536","QQP SUDESTE","Nivel Técnico","Master","IV","40","R$ 4.199,28","R$ 9.683,22"
"537","QQP SUDESTE","Nivel Técnico","Senior","I","40","R$ 3.068,64","R$ 7.467,05"
"538","QQP SUDESTE","Nivel Técnico","Senior","II","40","R$ 3.126,97","R$ 7.581,39"
"539","QQP SUDESTE","Nivel Técnico","Senior","III","40","R$ 3.300,93","R$ 7.922,35"
"540","QQP SUDESTE","Nivel Técnico","Senior","IV","40","R$ 3.380,06","R$ 8.077,46"
"541","QQP SUDESTE","Nivel Técnico","Senior","V","40","R$ 3.441,83","R$ 8.198,54"
"542","QQP SUDESTE","Nivel Técnico","Senior","VI","40","R$ 3.550,08","R$ 8.410,73"
"543","QQP SUDESTE","Nivel Técnico","Pleno","I","40","R$ 2.540,44","R$ 6.431,72"
"544","QQP SUDESTE","Nivel Técnico","Pleno","II","40","R$ 2.709,45","R$ 6.763,00"
"545","QQP SUDESTE","Nivel Técnico","Pleno","III","40","R$ 2.794,13","R$ 6.928,97"
"546","QQP SUDESTE","Nivel Técnico","Junior","I","40","R$ 2.199,38","R$ 5.763,20"
"547","QQP SUDESTE","Nivel Técnico","Junior","II","40","R$ 2.299,43","R$ 5.959,33"
"548","QQP SUDESTE","Nivel Técnico","Junior","III","40","R$ 2.421,84","R$ 6.199,26"
"549","QQP SUDESTE","Assistente","Master","I","44","R$ 3.322,80","R$ 7.965,23"
"550","QQP SUDESTE","Assistente","Master","II","44","R$ 3.375,83","R$ 8.069,16"
"551","QQP SUDESTE","Assistente","Senior","I","44","R$ 3.167,27","R$ 7.660,36"
"552","QQP SUDESTE","Assistente","Senior","II","44","R$ 3.223,83","R$ 7.771,22"
"553","QQP SUDESTE","Assistente","Pleno","I","44","R$ 2.872,10","R$ 7.081,82"
"554","QQP SUDESTE","Assistente","Pleno","II","44","R$ 2.979,92","R$ 7.293,15"
"555","QQP SUDESTE","Assistente","Pleno","III","44","R$ 3.022,34","R$ 7.376,29"
"556","QQP SUDESTE","Assistente","Junior","I","44","R$ 2.419,64","R$ 6.194,93"
"557","QQP SUDESTE","Assistente","Junior","II","44","R$ 2.529,22","R$ 6.409,73"
"558","QQP SUDESTE","Assistente","Junior","III","44","R$ 2.665,31","R$ 6.676,49"
"559","QQP SUDESTE","Assistente","Master","I","42","R$ 3.171,76","R$ 7.669,18"
"560","QQP SUDESTE","Assistente","Master","II","42","R$ 3.222,38","R$ 7.768,39"
"561","QQP SUDESTE","Assistente","Senior","I","42","R$ 3.023,30","R$ 7.378,18"
"562","QQP SUDESTE","Assistente","Senior","II","42","R$ 3.077,29","R$ 7.484,00"
"563","QQP SUDESTE","Assistente","Pleno","I","42","R$ 2.741,55","R$ 6.825,92"
"564","QQP SUDESTE","Assistente","Pleno","II","42","R$ 2.844,47","R$ 7.027,64"
"565","QQP SUDESTE","Assistente","Pleno","III","42","R$ 2.884,96","R$ 7.107,01"
"566","QQP SUDESTE","Assistente","Junior","I","42","R$ 2.309,65","R$ 5.979,36"
"567","QQP SUDESTE","Assistente","Junior","II","42","R$ 2.414,26","R$ 6.184,38"
"568","QQP SUDESTE","Assistente","Junior","III","42","R$ 2.544,16","R$ 6.439,02"
"569","QQP SUDESTE","Assistente","Master","I","40","R$ 3.020,73","R$ 7.373,14"
"570","QQP SUDESTE","Assistente","Master","II","40","R$ 3.068,93","R$ 7.467,62"
"571","QQP SUDESTE","Assistente","Senior","I","40","R$ 2.879,33","R$ 7.095,99"
"572","QQP SUDESTE","Assistente","Senior","II","40","R$ 2.930,75","R$ 7.196,77"
"573","QQP SUDESTE","Assistente","Pleno","I","40","R$ 2.611,01","R$ 6.570,04"
"574","QQP SUDESTE","Assistente","Pleno","II","40","R$ 2.709,02","R$ 6.762,15"
"575","QQP SUDESTE","Assistente","Pleno","III","40","R$ 2.747,58","R$ 6.837,73"
"576","QQP SUDESTE","Assistente","Junior","I","40","R$ 2.199,67","R$ 5.763,78"
"577","QQP SUDESTE","Assistente","Junior","II","40","R$ 2.299,29","R$ 5.959,04"
"578","QQP SUDESTE","Assistente","Junior","III","40","R$ 2.423,01","R$ 6.201,55"
"579","QQP NORTE","Médico","Especialista","I","42","R$ 22.107,58","R$ 42.551,82"
"580","QQP NORTE","Médico","Especialista","II","42","R$ 23.039,71","R$ 44.287,52"
"581","QQP NORTE","Médico","Especialista","III","42","R$ 24.081,50","R$ 46.227,44"
"582","QQP NORTE","Médico","Master","I","42","R$ 19.838,98","R$ 38.327,46"
"583","QQP NORTE","Médico","Master","II","42","R$ 20.880,76","R$ 40.267,36"
"584","QQP NORTE","Médico","Master","III","42","R$ 21.812,89","R$ 42.003,08"
"585","QQP NORTE","Médico","Senior","I","42","R$ 18.333,07","R$ 35.523,32"
"586","QQP NORTE","Médico","Senior","II","42","R$ 18.545,40","R$ 35.918,69"
"587","QQP NORTE","Médico","Senior","III","42","R$ 19.265,20","R$ 37.259,03"
"588","QQP NORTE","Médico","Pleno","I","42","R$ 16.790,80","R$ 32.651,48"
"589","QQP NORTE","Médico","Pleno","II","42","R$ 17.291,28","R$ 33.583,41"
"590","QQP NORTE","Médico","Pleno","III","42","R$ 17.722,93","R$ 34.387,19"
"591","QQP NORTE","Médico","Junior","I","42","R$ 14.597,56","R$ 28.567,46"
"592","QQP NORTE","Médico","Junior","II","42","R$ 15.529,69","R$ 30.303,16"
"593","QQP NORTE","Médico","Junior","III","42","R$ 16.352,15","R$ 31.834,67"
"594","QQP NORTE","Médico","Especialista","I","40","R$ 21.054,84","R$ 40.591,51"
"595","QQP NORTE","Médico","Especialista","II","40","R$ 21.942,59","R$ 42.244,57"
"596","QQP NORTE","Médico","Especialista","III","40","R$ 22.934,77","R$ 44.092,10"
"597","QQP NORTE","Médico","Master","I","40","R$ 18.894,26","R$ 36.568,31"
"598","QQP NORTE","Médico","Master","II","40","R$ 19.886,44","R$ 38.415,83"
"599","QQP NORTE","Médico","Master","III","40","R$ 20.774,18","R$ 40.068,90"
"600","QQP NORTE","Médico","Senior","I","40","R$ 17.460,07","R$ 33.897,70"
"601","QQP NORTE","Médico","Senior","II","40","R$ 17.662,28","R$ 34.274,25"
"602","QQP NORTE","Médico","Senior","III","40","R$ 18.347,81","R$ 35.550,77"
"603","QQP NORTE","Médico","Pleno","I","44","R$ 15.991,24","R$ 31.162,62"
"604","QQP NORTE","Médico","Pleno","II","40","R$ 16.467,89","R$ 32.050,17"
"605","QQP NORTE","Médico","Pleno","III","40","R$ 16.878,99","R$ 32.815,68"
"606","QQP NORTE","Médico","Junior","I","40","R$ 15.573,48","R$ 30.384,71"
"607","QQP NORTE","Médico","Junior","II","40","R$ 14.790,18","R$ 28.926,13"
"608","QQP NORTE","Médico","Junior","III","40","R$ 13.902,44","R$ 27.273,08"
"609","QQP NORTE","Médico","Junior","I","32","R$ 11.446,28","R$ 22.699,47"
"610","QQP NORTE","Médico","Junior","II","24","R$ 9.386,30","R$ 18.863,59"
"611","QQP NORTE","Médico","Pleno","I","32","R$ 13.166,93","R$ 26.018,25"
"612","QQP NORTE","Médico","Pleno","II","32","R$ 13.559,30","R$ 26.755,49"
"613","QQP NORTE","Médico","Pleno","III","32","R$ 13.896,92","R$ 27.389,86"
"614","QQP NORTE","Médico","Pleno","I","24","R$ 10.451,15","R$ 20.915,47"
"615","QQP NORTE","Médico","Pleno","II","24","R$ 10.762,60","R$ 21.500,65"
"616","QQP NORTE","Médico","Pleno","III","24","R$ 11.029,51","R$ 22.002,16"
"617","QQP NORTE","Médico Plantonista - Plantão 6h","-","I","30","R$ 14.286,78","R$ 27.988,75"
"618","QQP NORTE","Médico Plantonista - Plantão 6h","-","II","30","R$ 15.120,21","R$ 29.534,85"
"619","QQP NORTE","Médico Plantonista - Plantão 6h","-","III","30","R$ 15.778,18","R$ 30.761,25"
"620","QQP NORTE","Nutricionista","-","I","44","R$ 4.357,34","R$ 9.465,55"
"621","QQP NORTE","Nutricionista","-","II","44","R$ 4.870,50","R$ 10.429,75"
"622","QQP NORTE","Nutricionista","-","III","44","R$ 5.443,76","R$ 11.506,87"
"623","QQP NORTE","Educador Fisico","-","I","44","R$ 4.300,09","R$ 9.358,00"
"624","QQP NORTE","Educador Fisico","-","II","44","R$ 4.806,22","R$ 10.308,97"
"625","QQP NORTE","Educador Fisico","-","III","44","R$ 5.371,90","R$ 11.371,85"
"626","QQP NORTE","Nutricionista","-","I","42","R$ 4.575,16","R$ 9.874,82"
"627","QQP NORTE","Nutricionista","-","II","42","R$ 5.113,97","R$ 10.887,22"
"628","QQP NORTE","Nutricionista","-","III","42","R$ 5.715,89","R$ 12.018,18"
"629","QQP NORTE","Educador Fisico","-","I","42","R$ 4.515,06","R$ 9.761,90"
"630","QQP NORTE","Educador Fisico","-","II","42","R$ 5.046,48","R$ 10.760,40"
"631","QQP NORTE","Educador Fisico","-","III","42","R$ 5.640,44","R$ 11.876,42"
"632","QQP NORTE","Nutricionista","-","I","40","R$ 4.357,34","R$ 9.465,55"
"633","QQP NORTE","Nutricionista","-","II","40","R$ 4.870,50","R$ 10.429,75"
"634","QQP NORTE","Nutricionista","-","III","40","R$ 5.443,76","R$ 11.506,87"
"635","QQP NORTE","Educador Fisico","-","I","40","R$ 4.740,76","R$ 10.185,98"
"636","QQP NORTE","Educador Fisico","-","II","40","R$ 5.298,74","R$ 11.234,39"
"637","QQP NORTE","Educador Fisico","-","III","40","R$ 5.922,40","R$ 12.406,21"
"638","QQP NORTE","Fonoaudiólogo","Especialista","I","42","R$ 8.608,47","R$ 17.415,21"
"639","QQP NORTE","Fonoaudiólogo","Especialista","II","42","R$ 8.827,80","R$ 17.823,61"
"640","QQP NORTE","Fonoaudiólogo","Especialista","III","42","R$ 9.540,60","R$ 19.150,93"
"641","QQP NORTE","Fonoaudiólogo","Master","I","42","R$ 6.420,85","R$ 13.335,83"
"642","QQP NORTE","Fonoaudiólogo","Master","II","42","R$ 6.566,44","R$ 13.612,75"
"643","QQP NORTE","Fonoaudiólogo","Master","III","42","R$ 7.114,75","R$ 14.633,75"
"644","QQP NORTE","Fonoaudiólogo","Master","IV","42","R$ 7.663,06","R$ 15.654,76"
"645","QQP NORTE","Fonoaudiólogo","Senior","I","42","R$ 5.543,31","R$ 11.707,59"
"646","QQP NORTE","Fonoaudiólogo","Senior","II","42","R$ 5.790,16","R$ 12.167,25"
"647","QQP NORTE","Fonoaudiólogo","Senior","III","42","R$ 6.272,67","R$ 13.065,74"
"648","QQP NORTE","Fonoaudiólogo","Pleno","I","42","R$ 5.087,22","R$ 10.858,32"
"649","QQP NORTE","Fonoaudiólogo","Pleno","II","42","R$ 5.406,34","R$ 11.452,55"
"650","QQP NORTE","Fonoaudiólogo","Pleno","III","42","R$ 5.429,21","R$ 11.495,13"
"651","QQP NORTE","Fonoaudiólogo","Junior","I","42","R$ 3.838,17","R$ 8.532,47"
"652","QQP NORTE","Fonoaudiólogo","Junior","II","42","R$ 4.417,19","R$ 9.610,65"
"653","QQP NORTE","Fonoaudiólogo","Junior","III","42","R$ 4.934,79","R$ 10.574,47"
"654","QQP NORTE","Fonoaudiólogo","Especialista","I","40","R$ 8.198,55","R$ 16.651,89"
"655","QQP NORTE","Fonoaudiólogo","Especialista","II","40","R$ 8.407,43","R$ 17.040,85"
"656","QQP NORTE","Fonoaudiólogo","Especialista","III","40","R$ 9.086,29","R$ 18.304,95"
"657","QQP NORTE","Fonoaudiólogo","Master","I","40","R$ 6.115,10","R$ 12.766,48"
"658","QQP NORTE","Fonoaudiólogo","Master","II","40","R$ 6.253,75","R$ 13.030,49"
"659","QQP NORTE","Fonoaudiólogo","Master","III","40","R$ 6.775,95","R$ 14.002,88"
"660","QQP NORTE","Fonoaudiólogo","Master","IV","40","R$ 7.298,15","R$ 15.014,89"
"661","QQP NORTE","Fonoaudiólogo","Senior","I","40","R$ 5.279,35","R$ 11.216,06"
"662","QQP NORTE","Fonoaudiólogo","Senior","II","40","R$ 5.514,43","R$ 11.653,82"
"663","QQP NORTE","Fonoaudiólogo","Senior","III","40","R$ 5.973,98","R$ 12.509,52"
"664","QQP NORTE","Fonoaudiólogo","Pleno","I","40","R$ 4.844,97","R$ 10.407,23"
"665","QQP NORTE","Fonoaudiólogo","Pleno","II","40","R$ 5.148,89","R$ 10.973,16"
"666","QQP NORTE","Fonoaudiólogo","Pleno","III","40","R$ 5.170,67","R$ 11.013,71"
"667","QQP NORTE","Fonoaudiólogo","Junior","I","40","R$ 3.655,40","R$ 8.192,14"
"668","QQP NORTE","Fonoaudiólogo","Junior","II","40","R$ 4.206,84","R$ 9.218,97"
"669","QQP NORTE","Fonoaudiólogo","Junior","III","40","R$ 4.699,81","R$ 10.136,91"
"670","QQP NORTE","Fisioterapeuta","Especialista","I","30","R$ 10.515,50","R$ 21.407,67"
"671","QQP NORTE","Fisioterapeuta","Especialista","II","30","R$ 11.173,47","R$ 22.658,67"
"672","QQP NORTE","Fisioterapeuta","Especialista","III","30","R$ 11.557,29","R$ 23.388,42"
"673","QQP NORTE","Fisioterapeuta","Master","I","30","R$ 9.089,89","R$ 18.311,66"
"674","QQP NORTE","Fisioterapeuta","Master","II","30","R$ 9.221,85","R$ 18.557,37"
"675","QQP NORTE","Fisioterapeuta","Master","III","30","R$ 9.824,99","R$ 19.680,49"
"676","QQP NORTE","Fisioterapeuta","Senior","I","30","R$ 6.951,48","R$ 14.329,74"
"677","QQP NORTE","Fisioterapeuta","Senior","II","30","R$ 7.993,27","R$ 16.269,64"
"678","QQP NORTE","Fisioterapeuta","Senior","III","30","R$ 8.815,74","R$ 17.801,16"
"679","QQP NORTE","Fisioterapeuta","Pleno","I","30","R$ 5.800,03","R$ 12.185,63"
"680","QQP NORTE","Fisioterapeuta","Pleno","II","30","R$ 6.786,99","R$ 14.023,44"
"681","QQP NORTE","Fisioterapeuta","Pleno","III","30","R$ 7.609,45","R$ 15.554,94"
"682","QQP NORTE","Fisioterapeuta","Junior","I","30","R$ 4.648,57","R$ 10.041,51"
"683","QQP NORTE","Fisioterapeuta","Junior","II","30","R$ 5.196,88","R$ 11.062,51"
"684","QQP NORTE","Fisioterapeuta","Junior","III","30","R$ 5.690,36","R$ 11.981,42"
"685","QQP NORTE","Enfermeiro","Especialista","I","42","R$ 10.746,88","R$ 21.847,60"
"686","QQP NORTE","Enfermeiro","Especialista","II","42","R$ 11.788,68","R$ 23.828,35"
"687","QQP NORTE","Enfermeiro","Master","I","42","R$ 9.711,68","R$ 19.469,47"
"688","QQP NORTE","Enfermeiro","Master","II","42","R$ 9.957,32","R$ 19.926,90"
"689","QQP NORTE","Enfermeiro","Master","III","42","R$ 9.979,25","R$ 19.967,73"
"690","QQP NORTE","Enfermeiro","Senior","I","42","R$ 8.292,65","R$ 16.827,11"
"691","QQP NORTE","Enfermeiro","Senior","II","42","R$ 8.404,94","R$ 17.036,22"
"692","QQP NORTE","Enfermeiro","Senior","III","42","R$ 9.008,08","R$ 18.159,33"
"693","QQP NORTE","Enfermeiro","Pleno","I","42","R$ 7.176,72","R$ 14.749,16"
"694","QQP NORTE","Enfermeiro","Pleno","II","42","R$ 7.675,69","R$ 15.678,28"
"695","QQP NORTE","Enfermeiro","Pleno","III","42","R$ 8.273,35","R$ 16.791,18"
"696","QQP NORTE","Enfermeiro","Junior","I","42","R$ 5.433,10","R$ 11.502,36"
"697","QQP NORTE","Enfermeiro","Junior","II","42","R$ 5.981,41","R$ 12.523,38"
"698","QQP NORTE","Enfermeiro","Junior","III","42","R$ 6.957,40","R$ 14.340,76"
"699","QQP NORTE","Psicólogo","Especialista","I","42","R$ 9.318,21","R$ 18.736,80"
"700","QQP NORTE","Psicólogo","Especialista","II","42","R$ 9.866,52","R$ 19.757,82"
"701","QQP NORTE","Psicólogo","Especialista","III","42","R$ 10.414,83","R$ 20.778,81"
"702","QQP NORTE","Psicólogo","Master","I","42","R$ 7.914,54","R$ 16.123,03"
"703","QQP NORTE","Psicólogo","Master","II","42","R$ 8.079,03","R$ 16.429,34"
"704","QQP NORTE","Psicólogo","Master","III","42","R$ 9.011,16","R$ 18.165,05"
"705","QQP NORTE","Psicólogo","Senior","I","42","R$ 6.982,41","R$ 14.387,32"
"706","QQP NORTE","Psicólogo","Senior","II","42","R$ 7.311,40","R$ 14.999,92"
"707","QQP NORTE","Psicólogo","Senior","III","42","R$ 7.475,89","R$ 15.306,23"
"708","QQP NORTE","Psicólogo","Pleno","I","42","R$ 5.447,14","R$ 11.528,50"
"709","QQP NORTE","Psicólogo","Pleno","II","42","R$ 6.269,61","R$ 13.060,02"
"710","QQP NORTE","Psicólogo","Pleno","III","42","R$ 6.817,92","R$ 14.078,82"
"711","QQP NORTE","Psicólogo","Junior","I","42","R$ 4.192,24","R$ 9.191,77"
"712","QQP NORTE","Psicólogo","Junior","II","42","R$ 4.685,72","R$ 10.110,68"
"713","QQP NORTE","Psicólogo","Junior","III","42","R$ 5.288,86","R$ 11.233,79"
"714","QQP NORTE","Ergonomista","Especialista","I","42","R$ 9.705,09","R$ 19.457,23"
"715","QQP NORTE","Ergonomista","Especialista","II","42","R$ 10.034,08","R$ 20.069,83"
"716","QQP NORTE","Ergonomista","Especialista","III","42","R$ 10.417,90","R$ 20.784,53"
"717","QQP NORTE","Ergonomista","Master","I","42","R$ 8.805,87","R$ 17.782,78"
"718","QQP NORTE","Ergonomista","Master","II","42","R$ 9.047,12","R$ 18.232,02"
"719","QQP NORTE","Ergonomista","Master","III","42","R$ 9.101,95","R$ 18.334,12"
"720","QQP NORTE","Ergonomista","Senior","I","42","R$ 7.402,19","R$ 15.169,00"
"721","QQP NORTE","Ergonomista","Senior","II","42","R$ 8.334,32","R$ 16.904,71"
"722","QQP NORTE","Ergonomista","Senior","III","42","R$ 8.937,46","R$ 18.027,82"
"723","QQP NORTE","Ergonomista","Pleno","I","42","R$ 5.722,17","R$ 12.040,65"
"724","QQP NORTE","Ergonomista","Pleno","II","42","R$ 6.105,99","R$ 12.755,34"
"725","QQP NORTE","Ergonomista","Pleno","III","42","R$ 7.038,11","R$ 14.491,05"
"726","QQP NORTE","Ergonomista","Junior","I","42","R$ 4.671,61","R$ 10.084,40"
"727","QQP NORTE","Ergonomista","Junior","II","42","R$ 5.318,61","R$ 11.289,19"
"728","QQP NORTE","Ergonomista","Junior","III","42","R$ 5.702,43","R$ 12.003,89"
"729","QQP NORTE","Enfermeiro","Especialista","I","40","R$ 10.235,13","R$ 20.874,61"
"730","QQP NORTE","Enfermeiro","Especialista","II","40","R$ 11.227,31","R$ 22.761,03"
"731","QQP NORTE","Enfermeiro","Master","I","40","R$ 9.249,22","R$ 18.608,33"
"732","QQP NORTE","Enfermeiro","Master","II","40","R$ 9.483,16","R$ 19.043,96"
"733","QQP NORTE","Enfermeiro","Master","III","40","R$ 9.504,05","R$ 19.082,85"
"734","QQP NORTE","Enfermeiro","Senior","I","40","R$ 7.897,76","R$ 16.091,79"
"735","QQP NORTE","Enfermeiro","Senior","II","40","R$ 8.004,71","R$ 16.290,94"
"736","QQP NORTE","Enfermeiro","Senior","III","40","R$ 8.579,13","R$ 17.360,58"
"737","QQP NORTE","Enfermeiro","Pleno","I","40","R$ 6.834,98","R$ 14.112,81"
"738","QQP NORTE","Enfermeiro","Pleno","II","40","R$ 7.310,18","R$ 14.997,67"
"739","QQP NORTE","Enfermeiro","Pleno","III","40","R$ 7.879,38","R$ 16.057,57"
"740","QQP NORTE","Enfermeiro","Junior","I","40","R$ 5.174,38","R$ 11.020,61"
"741","QQP NORTE","Enfermeiro","Junior","II","40","R$ 5.696,58","R$ 11.992,99"
"742","QQP NORTE","Enfermeiro","Junior","III","40","R$ 6.626,10","R$ 13.723,85"
"743","QQP NORTE","Psicólogo","Especialista","I","40","R$ 8.874,49","R$ 17.910,55"
"744","QQP NORTE","Psicólogo","Especialista","II","40","R$ 9.396,68","R$ 18.882,93"
"745","QQP NORTE","Psicólogo","Especialista","III","40","R$ 9.918,88","R$ 19.855,31"
"746","QQP NORTE","Psicólogo","Master","I","40","R$ 7.537,65","R$ 15.421,24"
"747","QQP NORTE","Psicólogo","Master","II","40","R$ 7.694,31","R$ 15.712,95"
"748","QQP NORTE","Psicólogo","Master","III","40","R$ 8.582,06","R$ 17.366,02"
"749","QQP NORTE","Psicólogo","Senior","I","40","R$ 6.649,91","R$ 13.768,19"
"750","QQP NORTE","Psicólogo","Senior","II","40","R$ 6.963,23","R$ 14.353,89"
"751","QQP NORTE","Psicólogo","Senior","III","40","R$ 7.119,89","R$ 14.643,33"
"752","QQP NORTE","Psicólogo","Pleno","I","40","R$ 5.187,75","R$ 11.045,50"
"753","QQP NORTE","Psicólogo","Pleno","II","40","R$ 5.971,05","R$ 12.504,08"
"754","QQP NORTE","Psicólogo","Pleno","III","40","R$ 6.493,25","R$ 13.676,81"
"755","QQP NORTE","Psicólogo","Junior","I","40","R$ 3.992,61","R$ 8.820,04"
"756","QQP NORTE","Psicólogo","Junior","II","40","R$ 4.462,59","R$ 9.695,19"
"757","QQP NORTE","Psicólogo","Junior","III","40","R$ 5.037,01","R$ 10.764,81"
"758","QQP NORTE","Ergonomista","Especialista","I","40","R$ 9.242,95","R$ 18.596,66"
"759","QQP NORTE","Ergonomista","Especialista","II","40","R$ 9.556,27","R$ 19.180,10"
"760","QQP NORTE","Ergonomista","Especialista","III","40","R$ 9.921,81","R$ 19.860,76"
"761","QQP NORTE","Ergonomista","Master","I","40","R$ 8.386,54","R$ 17.001,96"
"762","QQP NORTE","Ergonomista","Master","II","40","R$ 8.616,31","R$ 17.429,80"
"763","QQP NORTE","Ergonomista","Master","III","40","R$ 8.668,53","R$ 17.527,04"
"764","QQP NORTE","Ergonomista","Senior","I","40","R$ 7.049,70","R$ 14.512,64"
"765","QQP NORTE","Ergonomista","Senior","II","40","R$ 7.937,45","R$ 16.165,70"
"766","QQP NORTE","Ergonomista","Senior","III","40","R$ 8.511,87","R$ 17.235,32"
"767","QQP NORTE","Ergonomista","Pleno","I","40","R$ 5.449,68","R$ 11.533,26"
"768","QQP NORTE","Ergonomista","Pleno","II","40","R$ 5.815,22","R$ 12.213,92"
"769","QQP NORTE","Ergonomista","Pleno","III","40","R$ 6.702,97","R$ 13.866,98"
"770","QQP NORTE","Ergonomista","Junior","I","40","R$ 4.449,15","R$ 9.670,16"
"771","QQP NORTE","Ergonomista","Junior","II","40","R$ 5.065,35","R$ 10.817,58"
"772","QQP NORTE","Ergonomista","Junior","III","40","R$ 5.430,89","R$ 11.498,24"
"773","QQP NORTE","Engenheiro","Especialista","I","44","R$ 16.431,80","R$ 32.650,36"
"774","QQP NORTE","Engenheiro","Especialista","II","44","R$ 17.123,03","R$ 33.964,59"
"775","QQP NORTE","Engenheiro","Especialista","III","44","R$ 17.978,48","R$ 35.591,05"
"776","QQP NORTE","Engenheiro","Especialista","IV","44","R$ 18.878,11","R$ 37.301,51"
"777","QQP NORTE","Engenheiro","Master","I","44","R$ 14.264,11","R$ 28.528,93"
"778","QQP NORTE","Engenheiro","Master","II","44","R$ 14.977,35","R$ 29.885,02"
"779","QQP NORTE","Engenheiro","Master","III","44","R$ 15.203,42","R$ 30.314,83"
"780","QQP NORTE","Engenheiro","Senior","I","44","R$ 11.267,97","R$ 22.832,38"
"781","QQP NORTE","Engenheiro","Senior","II","44","R$ 11.862,31","R$ 23.962,39"
"782","QQP NORTE","Engenheiro","Senior","III","44","R$ 12.454,89","R$ 25.089,06"
"783","QQP NORTE","Engenheiro","Senior","IV","44","R$ 13.045,69","R$ 26.212,37"
"784","QQP NORTE","Engenheiro","Pleno","I","44","R$ 10.245,41","R$ 20.457,51"
"785","QQP NORTE","Engenheiro","Pleno","II","44","R$ 10.673,61","R$ 21.702,35"
"786","QQP NORTE","Engenheiro","Pleno","III","44","R$ 10.976,07","R$ 22.277,40"
"787","QQP NORTE","Engenheiro","Junior","I","44","R$ 8.661,78","R$ 17.508,64"
"788","QQP NORTE","Engenheiro","Junior","II","44","R$ 9.192,17","R$ 18.496,28"
"789","QQP NORTE","Engenheiro","Junior","III","44","R$ 9.617,81","R$ 19.288,86"
"790","QQP NORTE","Engenheiro","Junior","IV","44","R$ 9.730,37","R$ 19.498,45"
"791","QQP NORTE","Analista","Especialista","I","44","R$ 9.838,82","R$ 19.700,39"
"792","QQP NORTE","Analista","Especialista","II","44","R$ 11.068,75","R$ 22.453,60"
"793","QQP NORTE","Analista","Especialista","III","44","R$ 12.296,35","R$ 24.787,62"
"794","QQP NORTE","Analista","Master","I","44","R$ 7.689,68","R$ 15.698,51"
"795","QQP NORTE","Analista","Master","II","44","R$ 8.385,42","R$ 16.994,03"
"796","QQP NORTE","Analista","Master","III","44","R$ 9.315,41","R$ 18.725,77"
"797","QQP NORTE","Analista","Senior","I","44","R$ 9.332,20","R$ 19.439,91"
"798","QQP NORTE","Analista","Senior","II","44","R$ 10.156,53","R$ 20.974,90"
"799","QQP NORTE","Analista","Senior","III","40","R$ 6.256,67","R$ 13.030,11"
"800","QQP NORTE","Analista","Senior","IV","44","R$ 11.143,14","R$ 22.812,06"
"801","QQP NORTE","Analista","Pleno","I","44","R$ 6.804,06","R$ 14.732,28"
"802","QQP NORTE","Analista","Pleno","II","44","R$ 7.466,24","R$ 15.965,33"
"803","QQP NORTE","Analista","Pleno","III","44","R$ 8.396,57","R$ 17.697,70"
"804","QQP NORTE","Analista","Junior","I","44","R$ 3.681,12","R$ 8.234,18"
"805","QQP NORTE","Analista","Junior","II","44","R$ 3.980,30","R$ 8.791,29"
"806","QQP NORTE","Analista","Junior","III","44","R$ 4.473,25","R$ 9.709,21"
"807","QQP NORTE","Engenheiro","Especialista","I","42","R$ 15.684,90","R$ 31.230,28"
"808","QQP NORTE","Engenheiro","Especialista","II","42","R$ 16.344,71","R$ 32.484,77"
"809","QQP NORTE","Engenheiro","Especialista","III","42","R$ 17.161,28","R$ 34.037,30"
"810","QQP NORTE","Engenheiro","Especialista","IV","42","R$ 18.020,01","R$ 35.670,02"
"811","QQP NORTE","Engenheiro","Master","I","42","R$ 13.615,74","R$ 27.296,19"
"812","QQP NORTE","Engenheiro","Master","II","42","R$ 14.296,57","R$ 28.590,63"
"813","QQP NORTE","Engenheiro","Master","III","42","R$ 14.512,36","R$ 29.000,91"
"814","QQP NORTE","Engenheiro","Senior","I","42","R$ 10.755,78","R$ 21.858,57"
"815","QQP NORTE","Engenheiro","Senior","II","42","R$ 11.323,11","R$ 22.929,50"
"816","QQP NORTE","Engenheiro","Senior","III","42","R$ 11.888,75","R$ 24.012,68"
"817","QQP NORTE","Engenheiro","Senior","IV","42","R$ 12.452,71","R$ 25.084,92"
"818","QQP NORTE","Engenheiro","Pleno","I","42","R$ 9.779,72","R$ 19.590,35"
"819","QQP NORTE","Engenheiro","Pleno","II","42","R$ 10.188,46","R$ 20.351,45"
"820","QQP NORTE","Engenheiro","Pleno","III","42","R$ 10.477,16","R$ 21.328,81"
"821","QQP NORTE","Engenheiro","Junior","I","42","R$ 8.268,06","R$ 16.775,51"
"822","QQP NORTE","Engenheiro","Junior","II","42","R$ 8.774,34","R$ 17.718,25"
"823","QQP NORTE","Engenheiro","Junior","III","42","R$ 9.180,63","R$ 18.474,80"
"824","QQP NORTE","Engenheiro","Junior","IV","42","R$ 9.288,07","R$ 18.674,87"
"825","QQP NORTE","Analista","Especialista","I","42","R$ 9.391,60","R$ 18.870,27"
"826","QQP NORTE","Analista","Especialista","II","42","R$ 10.565,63","R$ 21.500,60"
"827","QQP NORTE","Analista","Especialista","III","42","R$ 11.737,42","R$ 23.729,42"
"828","QQP NORTE","Analista","Master","I","42","R$ 7.340,15","R$ 15.047,65"
"829","QQP NORTE","Analista","Master","II","42","R$ 8.004,26","R$ 16.284,29"
"830","QQP NORTE","Analista","Master","III","42","R$ 8.891,98","R$ 17.937,31"
"831","QQP NORTE","Analista","Senior","I","42","R$ 5.958,57","R$ 12.475,00"
"832","QQP NORTE","Analista","Senior","II","42","R$ 6.484,90","R$ 13.455,09"
"833","QQP NORTE","Analista","Senior","III","42","R$ 6.569,50","R$ 13.612,63"
"834","QQP NORTE","Analista","Senior","IV","42","R$ 7.114,85","R$ 14.628,11"
"835","QQP NORTE","Analista","Pleno","I","42","R$ 4.344,36","R$ 9.469,21"
"836","QQP NORTE","Analista","Pleno","II","42","R$ 4.767,16","R$ 10.256,50"
"837","QQP NORTE","Analista","Pleno","III","42","R$ 5.361,17","R$ 11.362,60"
"838","QQP NORTE","Analista","Junior","I","42","R$ 3.513,80","R$ 7.922,62"
"839","QQP NORTE","Analista","Junior","II","42","R$ 3.799,37","R$ 8.454,38"
"840","QQP NORTE","Analista","Junior","III","42","R$ 4.269,92","R$ 9.330,59"
"841","QQP NORTE","Engenheiro","Especialista","I","40","R$ 14.938,00","R$ 29.776,49"
"842","QQP NORTE","Engenheiro","Especialista","II","40","R$ 15.566,40","R$ 31.004,96"
"843","QQP NORTE","Engenheiro","Especialista","III","40","R$ 16.344,07","R$ 32.483,55"
"844","QQP NORTE","Engenheiro","Especialista","IV","40","R$ 17.161,92","R$ 34.038,53"
"845","QQP NORTE","Engenheiro","Master","I","40","R$ 12.967,37","R$ 26.063,45"
"846","QQP NORTE","Engenheiro","Master","II","40","R$ 13.615,78","R$ 27.296,26"
"847","QQP NORTE","Engenheiro","Master","III","40","R$ 13.821,29","R$ 27.686,99"
"848","QQP NORTE","Engenheiro","Senior","I","40","R$ 10.243,60","R$ 20.454,15"
"849","QQP NORTE","Engenheiro","Senior","II","40","R$ 10.783,92","R$ 21.912,05"
"850","QQP NORTE","Engenheiro","Senior","III","40","R$ 11.322,62","R$ 22.936,30"
"851","QQP NORTE","Engenheiro","Senior","IV","40","R$ 11.859,72","R$ 23.957,48"
"852","QQP NORTE","Engenheiro","Pleno","I","40","R$ 9.314,01","R$ 18.723,16"
"853","QQP NORTE","Engenheiro","Pleno","II","40","R$ 9.703,29","R$ 19.448,03"
"854","QQP NORTE","Engenheiro","Pleno","III","40","R$ 9.978,25","R$ 19.960,03"
"855","QQP NORTE","Engenheiro","Junior","I","40","R$ 7.874,34","R$ 16.042,36"
"856","QQP NORTE","Engenheiro","Junior","II","40","R$ 8.356,52","R$ 16.940,23"
"857","QQP NORTE","Engenheiro","Junior","III","40","R$ 8.743,47","R$ 17.660,75"
"858","QQP NORTE","Engenheiro","Junior","IV","40","R$ 8.845,78","R$ 17.851,28"
"859","QQP NORTE","Analista","Especialista","I","40","R$ 8.944,38","R$ 18.034,88"
"860","QQP NORTE","Analista","Especialista","II","40","R$ 10.062,50","R$ 20.116,91"
"861","QQP NORTE","Analista","Especialista","III","40","R$ 11.178,50","R$ 22.662,27"
"862","QQP NORTE","Analista","Master","I","40","R$ 6.990,62","R$ 14.396,79"
"863","QQP NORTE","Analista","Master","II","40","R$ 7.623,11","R$ 15.574,53"
"864","QQP NORTE","Analista","Master","III","40","R$ 8.468,56","R$ 17.148,85"
"865","QQP NORTE","Analista","Senior","I","40","R$ 6.242,30","R$ 13.003,36"
"866","QQP NORTE","Analista","Senior","II","40","R$ 6.793,70","R$ 14.030,12"
"867","QQP NORTE","Analista","Senior","III","44","R$ 6.882,34","R$ 14.195,16"
"868","QQP NORTE","Analista","Senior","IV","40","R$ 7.453,65","R$ 15.258,99"
"869","QQP NORTE","Analista","Pleno","I","40","R$ 4.551,24","R$ 9.854,42"
"870","QQP NORTE","Analista","Pleno","II","40","R$ 4.994,16","R$ 10.679,21"
"871","QQP NORTE","Analista","Pleno","III","40","R$ 5.616,47","R$ 11.837,99"
"872","QQP NORTE","Analista","Junior","I","40","R$ 3.346,47","R$ 7.611,04"
"873","QQP NORTE","Analista","Junior","II","40","R$ 3.618,45","R$ 8.117,48"
"874","QQP NORTE","Analista","Junior","III","40","R$ 4.066,59","R$ 8.951,98"
"875","QQP NORTE","Assistente Social","Especialista","I","30","R$ 8.126,93","R$ 16.512,71"
"876","QQP NORTE","Assistente Social","Especialista","II","30","R$ 8.808,38","R$ 17.781,62"
"877","QQP NORTE","Assistente Social","Especialista","III","30","R$ 9.332,01","R$ 18.756,68"
"878","QQP NORTE","Assistente Social","Master","I","30","R$ 7.043,97","R$ 14.496,14"
"879","QQP NORTE","Assistente Social","Master","II","30","R$ 7.427,73","R$ 15.210,73"
"880","QQP NORTE","Assistente Social","Master","III","30","R$ 8.073,30","R$ 16.412,85"
"881","QQP NORTE","Assistente Social","Senior","I","30","R$ 5.982,35","R$ 12.519,30"
"882","QQP NORTE","Assistente Social","Senior","II","30","R$ 6.362,53","R$ 13.227,21"
"883","QQP NORTE","Assistente Social","Senior","III","30","R$ 6.900,51","R$ 14.228,99"
"884","QQP NORTE","Assistente Social","Pleno","I","30","R$ 4.820,31","R$ 10.355,47"
"885","QQP NORTE","Assistente Social","Pleno","II","30","R$ 5.214,84","R$ 11.089,97"
"886","QQP NORTE","Assistente Social","Pleno","III","30","R$ 5.824,55","R$ 12.225,45"
"887","QQP NORTE","Assistente Social","Junior","I","30","R$ 3.945,20","R$ 8.725,92"
"888","QQP NORTE","Assistente Social","Junior","II","30","R$ 4.303,85","R$ 9.393,78"
"889","QQP NORTE","Assistente Social","Junior","III","30","R$ 4.662,50","R$ 10.061,61"
"890","QQP NORTE","Terapeuta Ocupacional","Especialista","I","30","R$ 6.835,20","R$ 14.113,22"
"891","QQP NORTE","Terapeuta Ocupacional","Especialista","II","30","R$ 7.557,05","R$ 15.457,36"
"892","QQP NORTE","Terapeuta Ocupacional","Especialista","III","30","R$ 8.399,39","R$ 17.025,88"
"893","QQP NORTE","Terapeuta Ocupacional","Master","I","30","R$ 5.277,04","R$ 11.211,76"
"894","QQP NORTE","Terapeuta Ocupacional","Master","II","30","R$ 5.936,21","R$ 12.439,22"
"895","QQP NORTE","Terapeuta Ocupacional","Master","III","30","R$ 6.595,39","R$ 13.666,67"
"896","QQP NORTE","Terapeuta Ocupacional","Senior","I","30","R$ 4.356,36","R$ 9.497,37"
"897","QQP NORTE","Terapeuta Ocupacional","Senior","II","30","R$ 4.903,46","R$ 10.516,14"
"898","QQP NORTE","Terapeuta Ocupacional","Senior","III","30","R$ 5.444,54","R$ 11.523,68"
"899","QQP NORTE","Terapeuta Ocupacional","Pleno","I","30","R$ 3.536,90","R$ 7.971,48"
"900","QQP NORTE","Terapeuta Ocupacional","Pleno","II","30","R$ 3.976,76","R$ 8.790,53"
"901","QQP NORTE","Terapeuta Ocupacional","Pleno","III","30","R$ 4.420,23","R$ 9.616,30"
"902","QQP NORTE","Terapeuta Ocupacional","Junior","I","30","R$ 2.818,68","R$ 6.634,07"
"903","QQP NORTE","Terapeuta Ocupacional","Junior","II","30","R$ 3.166,94","R$ 7.282,58"
"904","QQP NORTE","Terapeuta Ocupacional","Junior","III","30","R$ 3.521,24","R$ 7.942,31"
"905","QQP NORTE","Técnico em Enfermagem","-","I","42","R$ 3.860,11","R$ 8.573,31"
"906","QQP NORTE","Técnico em Enfermagem","-","II","42","R$ 4.441,31","R$ 9.655,57"
"907","QQP NORTE","Técnico em Enfermagem","-","III","42","R$ 5.263,78","R$ 11.187,08"
"908","QQP NORTE","Técnico em Enfermagem","-","I","40","R$ 3.676,29","R$ 8.231,03"
"909","QQP NORTE","Técnico em Enfermagem","-","II","40","R$ 4.229,82","R$ 9.261,76"
"910","QQP NORTE","Técnico em Enfermagem","-","III","40","R$ 5.013,12","R$ 10.720,33"
"911","QQP NORTE","Técnico em Enfermagem - Plantão 12h","-","I","42","R$ 3.860,11","R$ 8.573,31"
"912","QQP NORTE","Técnico em Enfermagem - Plantão 12h","-","II","42","R$ 4.441,31","R$ 9.655,57"
"913","QQP NORTE","Técnico em Enfermagem - Plantão 12h","-","III","42","R$ 5.263,78","R$ 11.187,08"
"914","QQP NORTE","Técnico em Enfermagem - Plantão 6h","-","I","30","R$ 2.561,39","R$ 6.154,98"
"915","QQP NORTE","Técnico em Enfermagem - Plantão 6h","-","II","30","R$ 2.953,05","R$ 6.884,28"
"916","QQP NORTE","Técnico em Enfermagem - Plantão 6h","-","III","30","R$ 3.207,92","R$ 7.358,87"
"917","QQP NORTE","Nivel Técnico","Especialista","I","44","R$ 7.690,16","R$ 15.699,41"
"918","QQP NORTE","Nivel Técnico","Especialista","II","44","R$ 8.075,47","R$ 16.416,88"
"919","QQP NORTE","Nivel Técnico","Especialista","III","44","R$ 8.459,01","R$ 17.131,06"
"920","QQP NORTE","Nivel Técnico","Especialista","IV","44","R$ 8.842,54","R$ 17.845,24"
"921","QQP NORTE","Nivel Técnico","Master","I","44","R$ 5.616,95","R$ 11.838,88"
"922","QQP NORTE","Nivel Técnico","Master","II","44","R$ 6.152,48","R$ 12.836,11"
"923","QQP NORTE","Nivel Técnico","Master","III","44","R$ 6.242,62","R$ 13.003,96"
"924","QQP NORTE","Nivel Técnico","Master","IV","44","R$ 6.924,86","R$ 14.274,34"
"925","QQP NORTE","Nivel Técnico","Senior","I","44","R$ 3.730,30","R$ 8.399,69"
"926","QQP NORTE","Nivel Técnico","Senior","II","44","R$ 3.994,12","R$ 8.817,03"
"927","QQP NORTE","Nivel Técnico","Senior","III","44","R$ 4.103,33","R$ 9.020,38"
"928","QQP NORTE","Nivel Técnico","Senior","IV","44","R$ 4.396,29","R$ 9.565,91"
"929","QQP NORTE","Nivel Técnico","Senior","V","44","R$ 4.619,21","R$ 9.981,01"
"930","QQP NORTE","Nivel Técnico","Senior","VI","44","R$ 4.994,81","R$ 10.680,40"
"931","QQP NORTE","Nivel Técnico","Senior","VII","44","R$ 5.195,13","R$ 11.053,42"
"932","QQP NORTE","Nivel Técnico","Pleno","I","44","R$ 4.177,73","R$ 9.841,82"
"933","QQP NORTE","Nivel Técnico","Pleno","II","44","R$ 4.527,29","R$ 10.492,74"
"934","QQP NORTE","Nivel Técnico","Pleno","III","44","R$ 5.066,60","R$ 11.496,99"
"935","QQP NORTE","Nivel Técnico","Pleno","IV","44","R$ 5.428,35","R$ 12.170,58"
"936","QQP NORTE","Nivel Técnico","Junior","I","44","R$ 3.616,86","R$ 8.797,42"
"937","QQP NORTE","Nivel Técnico","Junior","II","44","R$ 3.781,40","R$ 9.103,81"
"938","QQP NORTE","Nivel Técnico","Junior","III","44","R$ 3.984,62","R$ 9.482,22"
"939","QQP NORTE","Assistente","Master","I","44","R$ 3.223,83","R$ 7.382,67"
"940","QQP NORTE","Assistente","Master","II","44","R$ 3.322,80","R$ 7.566,97"
"941","QQP NORTE","Assistente","Master","III","44","R$ 3.375,83","R$ 7.665,70"
"942","QQP NORTE","Assistente","Senior","I","44","R$ 2.979,92","R$ 6.928,48"
"943","QQP NORTE","Assistente","Senior","II","44","R$ 3.022,34","R$ 7.007,47"
"944","QQP NORTE","Assistente","Senior","III","44","R$ 3.166,94","R$ 7.276,76"
"945","QQP NORTE","Assistente","Pleno","I","44","R$ 2.665,31","R$ 6.342,66"
"946","QQP NORTE","Assistente","Pleno","II","44","R$ 2.785,50","R$ 6.566,45"
"947","QQP NORTE","Assistente","Pleno","III","44","R$ 2.872,10","R$ 6.727,72"
"948","QQP NORTE","Assistente","Junior","I","44","R$ 2.199,67","R$ 5.475,59"
"949","QQP NORTE","Assistente","Junior","II","44","R$ 2.419,64","R$ 5.885,19"
"950","QQP NORTE","Assistente","Junior","III","44","R$ 2.529,22","R$ 6.089,24"
"951","QQP NORTE","Nivel Técnico","Especialista","I","42","R$ 7.340,61","R$ 15.048,50"
"952","QQP NORTE","Nivel Técnico","Especialista","II","42","R$ 7.708,41","R$ 15.733,37"
"953","QQP NORTE","Nivel Técnico","Especialista","III","42","R$ 8.074,51","R$ 16.415,09"
"954","QQP NORTE","Nivel Técnico","Especialista","IV","42","R$ 8.440,61","R$ 17.096,80"
"955","QQP NORTE","Nivel Técnico","Master","I","42","R$ 5.361,63","R$ 11.363,47"
"956","QQP NORTE","Nivel Técnico","Master","II","42","R$ 5.872,83","R$ 12.315,36"
"957","QQP NORTE","Nivel Técnico","Master","III","42","R$ 5.958,87","R$ 12.475,58"
"958","QQP NORTE","Nivel Técnico","Master","IV","42","R$ 6.610,09","R$ 13.688,22"
"959","QQP NORTE","Nivel Técnico","Senior","I","42","R$ 3.560,74","R$ 8.080,60"
"960","QQP NORTE","Nivel Técnico","Senior","II","42","R$ 3.812,57","R$ 8.478,97"
"961","QQP NORTE","Nivel Técnico","Senior","III","42","R$ 3.916,82","R$ 8.673,07"
"962","QQP NORTE","Nivel Técnico","Senior","IV","42","R$ 4.196,46","R$ 9.193,80"
"963","QQP NORTE","Nivel Técnico","Senior","V","42","R$ 4.409,24","R$ 9.590,03"
"964","QQP NORTE","Nivel Técnico","Senior","VI","42","R$ 4.767,77","R$ 10.257,64"
"965","QQP NORTE","Nivel Técnico","Senior","VII","42","R$ 4.958,98","R$ 10.613,70"
"966","QQP NORTE","Nivel Técnico","Pleno","I","42","R$ 2.667,46","R$ 6.346,66"
"967","QQP NORTE","Nivel Técnico","Pleno","II","42","R$ 2.890,65","R$ 6.762,27"
"968","QQP NORTE","Nivel Técnico","Pleno","III","42","R$ 3.235,00","R$ 7.403,48"
"969","QQP NORTE","Nivel Técnico","Pleno","IV","42","R$ 3.465,97","R$ 7.833,57"
"970","QQP NORTE","Nivel Técnico","Junior","I","42","R$ 2.309,35","R$ 5.679,82"
"971","QQP NORTE","Nivel Técnico","Junior","II","42","R$ 2.414,41","R$ 5.875,45"
"972","QQP NORTE","Nivel Técnico","Junior","III","42","R$ 2.544,16","R$ 6.117,07"
"973","QQP NORTE","Assistente","Master","I","42","R$ 3.077,29","R$ 7.109,80"
"974","QQP NORTE","Assistente","Master","II","42","R$ 3.171,76","R$ 7.285,73"
"975","QQP NORTE","Assistente","Master","III","42","R$ 3.222,38","R$ 7.379,97"
"976","QQP NORTE","Assistente","Senior","I","42","R$ 2.844,47","R$ 6.676,27"
"977","QQP NORTE","Assistente","Senior","II","42","R$ 2.884,96","R$ 6.751,66"
"978","QQP NORTE","Assistente","Senior","III","42","R$ 3.023,00","R$ 7.008,69"
"979","QQP NORTE","Assistente","Pleno","I","42","R$ 2.544,16","R$ 6.117,07"
"980","QQP NORTE","Assistente","Pleno","II","42","R$ 2.658,89","R$ 6.330,69"
"981","QQP NORTE","Assistente","Pleno","III","42","R$ 2.741,55","R$ 6.484,63"
"982","QQP NORTE","Assistente","Junior","I","42","R$ 2.099,68","R$ 5.289,41"
"983","QQP NORTE","Assistente","Junior","II","42","R$ 2.309,65","R$ 5.680,39"
"984","QQP NORTE","Assistente","Junior","III","42","R$ 2.414,26","R$ 5.875,16"
"985","QQP NORTE","Nivel Técnico","Especialista","I","40","R$ 6.991,06","R$ 14.397,61"
"986","QQP NORTE","Nivel Técnico","Especialista","II","40","R$ 7.341,33","R$ 15.049,85"
"987","QQP NORTE","Nivel Técnico","Especialista","III","40","R$ 7.690,00","R$ 15.699,11"
"988","QQP NORTE","Nivel Técnico","Especialista","IV","40","R$ 8.038,67","R$ 16.348,36"
"989","QQP NORTE","Nivel Técnico","Master","I","40","R$ 5.106,32","R$ 10.888,04"
"990","QQP NORTE","Nivel Técnico","Master","II","40","R$ 5.593,17","R$ 11.794,60"
"991","QQP NORTE","Nivel Técnico","Master","III","40","R$ 5.675,11","R$ 11.947,20"
"992","QQP NORTE","Nivel Técnico","Master","IV","40","R$ 6.295,33","R$ 13.102,09"
"993","QQP NORTE","Nivel Técnico","Senior","I","40","R$ 3.391,18","R$ 7.761,50"
"994","QQP NORTE","Nivel Técnico","Senior","II","40","R$ 3.631,02","R$ 8.140,91"
"995","QQP NORTE","Nivel Técnico","Senior","III","40","R$ 3.730,30","R$ 8.325,76"
"996","QQP NORTE","Nivel Técnico","Senior","IV","40","R$ 3.996,63","R$ 8.821,70"
"997","QQP NORTE","Nivel Técnico","Senior","V","40","R$ 4.199,28","R$ 9.199,06"
"998","QQP NORTE","Nivel Técnico","Senior","VI","40","R$ 4.540,73","R$ 9.834,87"
"999","QQP NORTE","Nivel Técnico","Senior","VII","40","R$ 4.722,84","R$ 10.173,98"
"1000","QQP NORTE","Nivel Técnico","Pleno","I","40","R$ 2.794,48","R$ 6.583,20"
"1001","QQP NORTE","Nivel Técnico","Pleno","II","40","R$ 3.028,31","R$ 7.018,59"
"1002","QQP NORTE","Nivel Técnico","Pleno","III","40","R$ 3.389,05","R$ 7.690,34"
"1003","QQP NORTE","Nivel Técnico","Pleno","IV","40","R$ 3.631,02","R$ 8.140,91"
"1004","QQP NORTE","Nivel Técnico","Junior","I","40","R$ 2.419,31","R$ 5.884,60"
"1005","QQP NORTE","Nivel Técnico","Junior","II","40","R$ 2.529,38","R$ 6.089,54"
"1006","QQP NORTE","Nivel Técnico","Junior","III","40","R$ 2.665,31","R$ 6.342,66"
"1007","QQP NORTE","Assistente","Master","I","40","R$ 2.930,75","R$ 6.836,93"
"1008","QQP NORTE","Assistente","Master","II","40","R$ 3.020,73","R$ 7.004,49"
"1009","QQP NORTE","Assistente","Master","III","40","R$ 3.068,93","R$ 7.094,24"
"1010","QQP NORTE","Assistente","Senior","I","40","R$ 2.709,02","R$ 6.424,04"
"1011","QQP NORTE","Assistente","Senior","II","40","R$ 2.747,58","R$ 6.495,85"
"1012","QQP NORTE","Assistente","Senior","III","40","R$ 2.879,04","R$ 6.740,64"
"1013","QQP NORTE","Assistente","Pleno","I","40","R$ 2.423,01","R$ 5.891,47"
"1014","QQP NORTE","Assistente","Pleno","II","40","R$ 2.532,27","R$ 6.094,93"
"1015","QQP NORTE","Assistente","Pleno","III","40","R$ 2.611,01","R$ 6.241,53"
"1016","QQP NORTE","Assistente","Junior","I","40","R$ 1.999,70","R$ 5.103,23"
"1017","QQP NORTE","Assistente","Junior","II","40","R$ 2.199,67","R$ 5.475,59"
"1018","QQP NORTE","Assistente","Junior","III","40","R$ 2.299,29","R$ 5.661,08"
"1019","QQP NORTE","Médico","Pleno","I","40","R$ 15.991,24","R$ 31.162,62"
