"ID","racs","nomes_racs"
"1","RISCO 01"," Trabalhos em altura"
"2","RISCO 02"," Veículos automotores leves"
"3","RISCO 03"," Operação de equipamentos móveis"
"4","RISCO 04"," Bloqueio, identificação e zero energia"
"5","RISCO 05"," Içamento de carga"
"6","RISCO 06"," Espaço confinado"
"7","RISCO 07"," Proteção de máquinas"
"8","RISCO 08"," Atividades no terreno"
"9","RISCO 09"," Explosivos"
"10","RISCO 10"," Trabalhos em eletricidade"
"11","RISCO 11"," Metal líquido"
"12","RISCO 12"," Trabalho a Quente"
"13","RISCO 13"," Aberturas de Linha e Equipamentos"
